id,name,price,rating,url,img_url
1,"Self-Love Workbook for Women: Release Self-Doubt, Build Self-Compassion, and Embrace Who You Are (Self-Help Workbooks for Women)",$9.59,4.7 out of 5 stars,https://www.amazon.com//Self-Love-Workbook-Women-Self-Doubt-Self-Compassion/dp/1647397294/ref=sr_1_1?keywords=self+love&qid=1637153395&sr=8-1,https://m.media-amazon.com/images/I/81k17unItGL._AC_UL320_.jpg
2,Self Love Poetry: For Thinkers & Feelers,$13.49,4.8 out of 5 stars,https://www.amazon.com//Self-Love-Poetry-Thinkers-Feelers/dp/1524871222/ref=sr_1_3?keywords=self+love&qid=1637153395&sr=8-3,https://m.media-amazon.com/images/I/71wZCVGP30S._AC_UL320_.jpg
3,"The Self-Love Workbook: A Life-Changing Guide to Boost Self-Esteem, Recognize Your Worth and Find Genuine Happiness (Self-Love Books)",$14.10,4.6 out of 5 stars,https://www.amazon.com//Self-Love-Workbook-Life-Changing-Self-Esteem-Recognize/dp/1612438660/ref=sr_1_4?keywords=self+love&qid=1637153395&sr=8-4,https://m.media-amazon.com/images/I/61PwfP1Rr0L._AC_UL320_.jpg
4,What The Heck Is Self-Love Anyway?,$11.72,4.7 out of 5 stars,https://www.amazon.com//What-Self-Love-Anyway-Jonathon-Aslay/dp/1092498397/ref=sr_1_5?keywords=self+love&qid=1637153395&sr=8-5,https://m.media-amazon.com/images/I/61d-JdXzt7L._AC_UL320_.jpg
5,Unconditional: You Are Perfect As You Are: Manifest Your Healthiest and Happiest Life With the Healing Power of Self-Love,$12.99,5.0 out of 5 stars,https://www.amazon.com//Unconditional-Manifest-Healthiest-Happiest-Self-Love/dp/B09B1DW43X/ref=sr_1_9?keywords=self+love&qid=1637153395&sr=8-9,https://m.media-amazon.com/images/I/617Tolxa9OL._AC_UL320_.jpg
6,"Love Yourself First: How to Heal from Toxic People, Create Healthy Relationships & Become a Confident Woman (The Love Yourself Series)",$15.99,4.6 out of 5 stars,https://www.amazon.com//Love-Yourself-First-Relationships-Confident/dp/1734695102/ref=sr_1_10?keywords=self+love&qid=1637153395&sr=8-10,https://m.media-amazon.com/images/I/71iJb0cNLxL._AC_UL320_.jpg
7,After the Breakup: A Self-Love Journal: Prompts and Practices to Help You Get Over Your Ex,$13.49,5.0 out of 5 stars,https://www.amazon.com//After-Breakup-Self-Love-Journal-Practices/dp/1638070407/ref=sr_1_13?keywords=self+love&qid=1637153395&sr=8-13,https://m.media-amazon.com/images/I/81kfJPjn5qL._AC_UL320_.jpg
8,"Meditations on Self-Love: Daily Wisdom for Healing, Acceptance, and Joy",$14.39,4.6 out of 5 stars,https://www.amazon.com//Meditations-Self-Love-Wisdom-Healing-Acceptance/dp/1647399491/ref=sr_1_16?keywords=self+love&qid=1637153395&sr=8-16,https://m.media-amazon.com/images/I/81spS3BSe3L._AC_UL320_.jpg
9,How to Be Nice to Yourself: The Everyday Guide to Self Compassion: Effective Strategies to Increase Self-Love and Acceptance,$10.29,4.4 out of 5 stars,https://www.amazon.com//How-Nice-Yourself-Compassion-Strategies/dp/1641522615/ref=sr_1_19?keywords=self+love&qid=1637153395&sr=8-19,https://m.media-amazon.com/images/I/71+qXHD1pbL._AC_UL320_.jpg
10,"Good Vibes, Good Life: How Self-Love Is the Key to Unlocking Your Greatness",$13.29,4.7 out of 5 stars,https://www.amazon.com//Good-Vibes-Life-Self-Love-Unlocking/dp/1788171829/ref=sr_1_20?keywords=self+love&qid=1637153395&sr=8-20,https://m.media-amazon.com/images/I/61O1O3n7JJL._AC_UL320_.jpg
11,True You: A Self-Discovery Journal of Prompts and Exercises to Inspire Reflection and Growth,$11.66,4.6 out of 5 stars,https://www.amazon.com//True-You-Self-Discovery-Exercises-Reflection/dp/164611633X/ref=sr_1_44?keywords=self+love&qid=1637153395&sr=8-44,https://m.media-amazon.com/images/I/8153pI2mNqL._AC_UL320_.jpg
12,A Year of Self Love: Daily Wisdom and Inspiration for Loving Yourself (A Year of Daily Reflections),$12.99,4.5 out of 5 stars,https://www.amazon.com//Year-Self-Love-Inspiration-Yourself/dp/1641527641/ref=sr_1_53?keywords=self+love&qid=1637153400&sr=8-53,https://m.media-amazon.com/images/I/71f1OesyTiL._AC_UL320_.jpg
13,Love Yourself: 100 Empowering Affirmations to Celebrate You,$11.69,4.7 out of 5 stars,https://www.amazon.com//Love-Yourself-Empowering-Affirmations-Celebrate/dp/1648766773/ref=sr_1_55?keywords=self+love&qid=1637153400&sr=8-55,https://m.media-amazon.com/images/I/715Kd5XELpS._AC_UL320_.jpg
14,"Hey Girl! Self-Love Journal for Women: Embrace Wellbeing, Practice Self-Compassion & Gratitude, and Learn to Love Yourself for Who You Are",$8.99,4.9 out of 5 stars,https://www.amazon.com//Girl-Self-Love-Journal-Women-Self-Compassion/dp/1952821096/ref=sr_1_64?keywords=self+love&qid=1637153400&sr=8-64,https://m.media-amazon.com/images/I/91AGgf-FxgL._AC_UL320_.jpg
15,Untamed,$16.73,4.6 out of 5 stars,https://www.amazon.com//Untamed-Glennon-Doyle-Melton/dp/1984801252/ref=sr_1_69?keywords=self+love&qid=1637153400&sr=8-69,https://m.media-amazon.com/images/I/91AQs6qv9ML._AC_UL320_.jpg
16,Self Love is Not Selfish: Unlocking Internal Wealth,$14.99,4.7 out of 5 stars,https://www.amazon.com//Self-Love-Not-Selfish-Unlocking/dp/B08T6BQ4Y7/ref=sr_1_75?keywords=self+love&qid=1637153400&sr=8-75,https://m.media-amazon.com/images/I/614TKoAGteL._AC_UL320_.jpg
17,"Self Love Notes: Uplifting Poetry, Affirmations & Quotes",$12.99,5.0 out of 5 stars,https://www.amazon.com//Self-Love-Notes-Uplifting-Affirmations/dp/1737010313/ref=sr_1_76?keywords=self+love&qid=1637153400&sr=8-76,https://m.media-amazon.com/images/I/617Vq72frGL._AC_UL320_.jpg
18,"The 5-Minute Gratitude Journal: Give Thanks, Practice Positivity, Find Joy",$10.79,4.7 out of 5 stars,https://www.amazon.com//5-Minute-Gratitude-Journal-Practice-Positivity/dp/1647397197/ref=sr_1_81?keywords=self+love&qid=1637153400&sr=8-81,https://m.media-amazon.com/images/I/71Rf753TNtL._AC_UL320_.jpg
19,PS I Love Me: 12 Steps for a Self-Love Transformation,$6.99,5.0 out of 5 stars,https://www.amazon.com//PS-Love-Me-Self-Love-Transformation-ebook/dp/B09FQGCP4N/ref=sr_1_92?keywords=self+love&qid=1637153400&sr=8-92,https://m.media-amazon.com/images/I/71QRQpUc-YL._AC_UL320_.jpg
20,"Self Love Bible for Women: The 7 day Revolution: Love Yourself & You Will Be Loved High Self-Esteem, Confidence, Self-Awareness, Inner Peace, Hypnosis, Affirmations, Anxiety & Power of Letting Go",$17.99,4.9 out of 5 stars,https://www.amazon.com//Self-Love-Bible-Women-Self-Awareness/dp/B09HQK9Q1Z/ref=sr_1_98?keywords=self+love&qid=1637153404&sr=8-98,https://m.media-amazon.com/images/I/61JK06A+w2L._AC_UL320_.jpg
21,"Stop Overthinking: 23 Techniques to Relieve Stress, Stop Negative Spirals, Declutter Your Mind, and Focus on the Present",$13.99,4.5 out of 5 stars,https://www.amazon.com//Stop-Overthinking-Techniques-Declutter-Emotional/dp/B08XLLF3PG/ref=sr_1_128?keywords=self+love&qid=1637153404&sr=8-128,https://m.media-amazon.com/images/I/71sk+qmIRqL._AC_UL320_.jpg
22,Stop Chasing Happy: And Start Pursuing Your Purpose,$15.29,4.9 out of 5 stars,https://www.amazon.com//Stop-Chasing-Happy-Pursuing-Purpose/dp/0736978798/ref=sr_1_141?keywords=self+love&qid=1637153404&sr=8-141,https://m.media-amazon.com/images/I/71i+q8z2wzS._AC_UL320_.jpg
23,Finding Self: Journey to Self-love (The Feelings & Healing Collection),$9.80,4.6 out of 5 stars,https://www.amazon.com//Finding-Self-Self-love-Feelings-Collection/dp/B0882PX7NS/ref=sr_1_146?keywords=self+love&qid=1637153408&sr=8-146,https://m.media-amazon.com/images/I/5144H4SMLOL._AC_UL320_.jpg
24,Yoke: My Yoga of Self-Acceptance,$13.11,4.7 out of 5 stars,https://www.amazon.com//Yoke-Yoga-Self-Acceptance-Jessamyn-Stanley/dp/1523505214/ref=sr_1_152?keywords=self+love&qid=1637153408&sr=8-152,https://m.media-amazon.com/images/I/718Cudv8iFL._AC_UL320_.jpg
25,This Year I Will...: A 52-Week Guided Journal to Achieve Your Goals,$11.61,4.6 out of 5 stars,https://www.amazon.com//This-Year-Will-52-Week-Journal/dp/1641523670/ref=sr_1_156?keywords=self+love&qid=1637153408&sr=8-156,https://m.media-amazon.com/images/I/61pBRIfGFrL._AC_UL320_.jpg
26,Dear Self,$14.99,4.8 out of 5 stars,https://www.amazon.com//Dear-Self-This-Being-There/dp/1916366619/ref=sr_1_162?keywords=self+love&qid=1637153408&sr=8-162,https://m.media-amazon.com/images/I/414aYIa55JS._AC_UL320_.jpg
27,"She Found Peace Wellness and Self Love Journal: Healing, Stress Relief, and Self Care Journal for Mindfulness",$6.99,5.0 out of 5 stars,https://www.amazon.com//Found-Peace-Wellness-Self-Journal/dp/B09K21SR4B/ref=sr_1_174?keywords=self+love&qid=1637153408&sr=8-174,https://m.media-amazon.com/images/I/51YkIYSyGPL._AC_UL320_.jpg
28,"Self-Love: 100+ Quotes, Reflections, and Activities to Help You Uncover and Strengthen Your Self-Love",$0.00,4.5 out of 5 stars,https://www.amazon.com//Self-Love-Reflections-Activities-Uncover-Strengthen/dp/B08FRR2ZSY/ref=sr_1_184?keywords=self+love&qid=1637153408&sr=8-184,https://m.media-amazon.com/images/I/81HWEeIdT8L._AC_UL320_.jpg
29,"Learn to Love Yourself Again: A Step-by-Step Guide to Conquer Self-Hatred, Ditch Self-Loathing, & Cultivate Self-Compassion (Mental & Emotional Wellness)",$10.96,4.4 out of 5 stars,https://www.amazon.com//Learn-Yourself-Again-Step-Step/dp/B08JF2DH3S/ref=sr_1_193?keywords=self+love&qid=1637153411&sr=8-193,https://m.media-amazon.com/images/I/61b7+LIdF0S._AC_UL320_.jpg
30,Things To Know About Self-Love: 30 Day Affirmation Guide,$8.99,4.6 out of 5 stars,https://www.amazon.com//Things-Know-About-Self-Love-Affirmation/dp/1095899481/ref=sr_1_196?keywords=self+love&qid=1637153411&sr=8-196,https://m.media-amazon.com/images/I/61jyoJG-PFL._AC_UL320_.jpg
31,"The Everyday Girls Guide to Living in Truth, Self-Love, and Acceptance",$18.24,5.0 out of 5 stars,https://www.amazon.com//Everyday-Girls-Living-Self-Love-Acceptance/dp/1982284412/ref=sr_1_209?keywords=self+love&qid=1637153411&sr=8-209,https://m.media-amazon.com/images/I/519-120VsRL._AC_UL320_.jpg
32,you are enough: a tale of healing and self-love,$9.00,4.5 out of 5 stars,https://www.amazon.com//you-are-enough-healing-self-love/dp/1097626121/ref=sr_1_215?keywords=self+love&qid=1637153411&sr=8-215,https://m.media-amazon.com/images/I/61kcjnUM33L._AC_UL320_.jpg
33,Feel Your Way Through: A Book of Poetry (Ballantine Books),$17.50,3.5 out of 5 stars,https://www.amazon.com//Feel-Your-Way-Through-Ballantine/dp/0593497082/ref=sr_1_220?keywords=self+love&qid=1637153411&sr=8-220,https://m.media-amazon.com/images/I/81p8weqJOJL._AC_UL320_.jpg
34,I Am The Love Of My Life: Unbroken,$16.00,4.6 out of 5 stars,https://www.amazon.com//Am-Love-My-Life-Unbroken/dp/1512356573/ref=sr_1_224?keywords=self+love&qid=1637153411&sr=8-224,https://m.media-amazon.com/images/I/51cTYmr4HYL._AC_UL320_.jpg
35,Self Love: A Self Esteem Journal,$8.99,5.0 out of 5 stars,https://www.amazon.com//Self-Love-Esteem-Journal/dp/B099FCG235/ref=sr_1_234?keywords=self+love&qid=1637153411&sr=8-234,https://m.media-amazon.com/images/I/51OQGjlPggS._AC_UL320_.jpg
36,"Daily Rituals: Positive Affirmations to Attract Love, Happiness and Peace",$6.99,4.7 out of 5 stars,https://www.amazon.com//Daily-Rituals-Positive-Affirmations-Happiness/dp/0995411980/ref=sr_1_242?keywords=self+love&qid=1637153415&sr=8-242,https://m.media-amazon.com/images/I/61MTALWvKAL._AC_UL320_.jpg
37,"Finding My Way Back: Poems on Coming Alive, Healing and Self-Discovery",$9.99,5.0 out of 5 stars,https://www.amazon.com//Finding-My-Way-Back-Self-Discovery/dp/B08GV9NKD6/ref=sr_1_244?keywords=self+love&qid=1637153415&sr=8-244,https://m.media-amazon.com/images/I/41ZSkECxWML._AC_UL320_.jpg
38,"Eat to Love: A Mindful Guide to Transforming Your Relationship with Food, Body, and Life",$16.95,4.4 out of 5 stars,https://www.amazon.com//Eat-Love-Mindful-Transforming-Relationship/dp/173227763X/ref=sr_1_258?keywords=self+love&qid=1637153415&sr=8-258,https://m.media-amazon.com/images/I/61TJIylsAvL._AC_UL320_.jpg
39,Flourish: How the Love of Christ Frees Us from Self-Focus,$15.00,4.6 out of 5 stars,https://www.amazon.com//Flourish-Love-Christ-Frees-Self-Focus/dp/1433560658/ref=sr_1_260?keywords=self+love&qid=1637153415&sr=8-260,https://m.media-amazon.com/images/I/713DhU6r0ML._AC_UL320_.jpg
40,Leap into Love: Living Present to my Purpose on the Planet,$14.99,4.8 out of 5 stars,https://www.amazon.com//Leap-into-Love-Present-Purpose/dp/1733546901/ref=sr_1_266?keywords=self+love&qid=1637153415&sr=8-266,https://m.media-amazon.com/images/I/61USVsQhWOL._AC_UL320_.jpg
41,"Beautifully Brave: An Unconventional Guide to Owning Your Worth, Cultivating Self-Love, and Standing in Your Power",$21.99,4.9 out of 5 stars,https://www.amazon.com//Beautifully-Brave-Unconventional-Cultivating-Self-Love/dp/1631067486/ref=sr_1_273?keywords=self+love&qid=1637153415&sr=8-273,https://m.media-amazon.com/images/I/91aCV0p1DSL._AC_UL320_.jpg
42,"Self Love Affirmations: 100 Healing Proclamations To Reduce Anxiety, Build Confidence & Practice Self Care / Rewire Your Brain with Positive Thoughts ... (Positive Affirmations For Women & Girls)",$7.99,3.8 out of 5 stars,https://www.amazon.com//Self-Love-Affirmations-Proclamations-Confidence/dp/B091WCSTHG/ref=sr_1_286?keywords=self+love&qid=1637153415&sr=8-286,https://m.media-amazon.com/images/I/61E4kWcWUuL._AC_UL320_.jpg
43,Love Worth Making: How to Have Ridiculously Great Sex in a Long-Lasting Relationship,$14.99,4.5 out of 5 stars,https://www.amazon.com//Love-Worth-Making-Ridiculously-Long-Lasting/dp/1250113105/ref=sr_1_290?keywords=self+love&qid=1637153418&sr=8-290,https://m.media-amazon.com/images/I/71gLxTPi+4L._AC_UL320_.jpg
44,Self-Care Check-In: A Guided Journal to Build Healthy Habits and Devote Time to You,$11.69,4.5 out of 5 stars,https://www.amazon.com//Self-Care-Check-Guided-Journal-Healthy/dp/1646116607/ref=sr_1_292?keywords=self+love&qid=1637153418&sr=8-292,https://m.media-amazon.com/images/I/81DvQKCwtKL._AC_UL320_.jpg