id,Name,Runtime,Rating,URL,Image
1,Breaking Up,90 min,4.8/10,https://www.imdb.com//title/tt0118772/?ref_=ttls_li_tt,"https://m.media-amazon.com/images/M/MV5BMzY5NzMxOTY1MF5BMl5BanBnXkFtZTcwMjY5MzgxMQ@@._V1_UY209_CR2,0,140,209_AL_.jpg"
2,Animal Attraction,97 min,6.1/10,https://www.imdb.com//title/tt0244970/?ref_=ttls_li_tt,https://m.media-amazon.com/images/S/sash/4FyxwxECzL-U1J8.png
3,500 Days of Summer,95 min,7.7/10,https://www.imdb.com//title/tt1022603/?ref_=ttls_li_tt,https://m.media-amazon.com/images/S/sash/4FyxwxECzL-U1J8.png
4,Sliding Doors,99 min,6.7/10,https://www.imdb.com//title/tt0120148/?ref_=ttls_li_tt,https://m.media-amazon.com/images/S/sash/4FyxwxECzL-U1J8.png
5,Eternal Sunshine of the Spotless Mind,108 min,8.3/10,https://www.imdb.com//title/tt0338013/?ref_=ttls_li_tt,https://m.media-amazon.com/images/S/sash/4FyxwxECzL-U1J8.png
6,How to Be Single,110 min,6.1/10,https://www.imdb.com//title/tt1292566/?ref_=ttls_li_tt,https://m.media-amazon.com/images/S/sash/4FyxwxECzL-U1J8.png
7,Legally Blonde,96 min,6.4/10,https://www.imdb.com//title/tt0250494/?ref_=ttls_li_tt,https://m.media-amazon.com/images/S/sash/4FyxwxECzL-U1J8.png
8,The Break-Up,106 min,5.8/10,https://www.imdb.com//title/tt0452594/?ref_=ttls_li_tt,https://m.media-amazon.com/images/S/sash/4FyxwxECzL-U1J8.png
9,Bridget Jones's Diary,97 min,6.7/10,https://www.imdb.com//title/tt0243155/?ref_=ttls_li_tt,https://m.media-amazon.com/images/S/sash/4FyxwxECzL-U1J8.png
10,He's Just Not That Into You,129 min,6.4/10,https://www.imdb.com//title/tt1001508/?ref_=ttls_li_tt,https://m.media-amazon.com/images/S/sash/4FyxwxECzL-U1J8.png
11,Silver Linings Playbook,122 min,7.7/10,https://www.imdb.com//title/tt1045658/?ref_=ttls_li_tt,https://m.media-amazon.com/images/S/sash/4FyxwxECzL-U1J8.png
12,An Unmarried Woman,124 min,7.2/10,https://www.imdb.com//title/tt0078444/?ref_=ttls_li_tt,https://m.media-amazon.com/images/S/sash/4FyxwxECzL-U1J8.png
13,She-Devil,99 min,5.7/10,https://www.imdb.com//title/tt0098309/?ref_=ttls_li_tt,https://m.media-amazon.com/images/S/sash/4FyxwxECzL-U1J8.png
14,The First Wives Club,103 min,6.4/10,https://www.imdb.com//title/tt0116313/?ref_=ttls_li_tt,https://m.media-amazon.com/images/S/sash/4FyxwxECzL-U1J8.png
15,Heathers,103 min,7.2/10,https://www.imdb.com//title/tt0097493/?ref_=ttls_li_tt,https://m.media-amazon.com/images/S/sash/4FyxwxECzL-U1J8.png
16,Forgetting Sarah Marshall,111 min,7.1/10,https://www.imdb.com//title/tt0800039/?ref_=ttls_li_tt,https://m.media-amazon.com/images/S/sash/4FyxwxECzL-U1J8.png
17,Postcards from the Edge,101 min,6.7/10,https://www.imdb.com//title/tt0100395/?ref_=ttls_li_tt,https://m.media-amazon.com/images/S/sash/4FyxwxECzL-U1J8.png
18,My Best Friend's Wedding,105 min,6.3/10,https://www.imdb.com//title/tt0119738/?ref_=ttls_li_tt,https://m.media-amazon.com/images/S/sash/4FyxwxECzL-U1J8.png
19,Pride & Prejudice,129 min,7.8/10,https://www.imdb.com//title/tt0414387/?ref_=ttls_li_tt,https://m.media-amazon.com/images/S/sash/4FyxwxECzL-U1J8.png
20,Funny Girl,151 min,7.4/10,https://www.imdb.com//title/tt0062994/?ref_=ttls_li_tt,https://m.media-amazon.com/images/S/sash/4FyxwxECzL-U1J8.png
21,On a Clear Day You Can See Forever,129 min,6.4/10,https://www.imdb.com//title/tt0066181/?ref_=ttls_li_tt,https://m.media-amazon.com/images/S/sash/4FyxwxECzL-U1J8.png
22,Ally McBeal,45 min,6.8/10,https://www.imdb.com//title/tt0118254/?ref_=ttls_li_tt,https://m.media-amazon.com/images/S/sash/4FyxwxECzL-U1J8.png
23,The Last Five Years,94 min,5.9/10,https://www.imdb.com//title/tt2474024/?ref_=ttls_li_tt,https://m.media-amazon.com/images/S/sash/4FyxwxECzL-U1J8.png
24,When Harry Met Sally,95 min,7.6/10,https://www.imdb.com//title/tt0098635/?ref_=ttls_li_tt,https://m.media-amazon.com/images/S/sash/4FyxwxECzL-U1J8.png
25,The Other Woman,109 min,6/10,https://www.imdb.com//title/tt2203939/?ref_=ttls_li_tt,https://m.media-amazon.com/images/S/sash/4FyxwxECzL-U1J8.png
26,Sex and the City,30 min,7.2/10,https://www.imdb.com//title/tt0159206/?ref_=ttls_li_tt,https://m.media-amazon.com/images/S/sash/4FyxwxECzL-U1J8.png
27,Singles,99 min,6.7/10,https://www.imdb.com//title/tt0105415/?ref_=ttls_li_tt,https://m.media-amazon.com/images/S/sash/4FyxwxECzL-U1J8.png