id,name,price,category,description,img_url
1,wellness journal,$60,self-care item,"Make time for yourself with our daily wellness journal. Start and end each day with a fresh mindset, set intentions and take note of the things that make you feel good. Inside, there are 12-weeks of pages for reflecting on your mindful goals, habits, meals, water intake, sleep and the things you’re grateful for.",https://papier.imgix.net/https%3A%2F%2Fpapier.imgix.net%2Fhttps%253A%252F%252Fwww.papier.com%252Fproduct_image%252F117034%252F36%252Fjoy-31150_front_1631547765.png%3Fixlib%3Drb-3.2.1%26auto%3Dformat%252Ccompress%26s%3Dd6fc8821d8931845af90b4e514d1659d?ixlib=rb-3.2.1&w=700&auto=format%2Ccompress&s=2bcd717a5d72220a1f95aca360c18a69
2,daily planner,$60,self-care item,"Get organised and strike a healthy work-life balance with our 16-week daily productivity planner. Inside, there’s space to plan your days and weeks, write to-dos, make schedules and shopping lists, set and review goals, track habits and reflect on your personal growth. You fill out the dates yourself, so you can start using it at any time of the year.",https://papier.imgix.net/https%3A%2F%2Fpapier.imgix.net%2Fhttps%253A%252F%252Fwww.papier.com%252Fproduct_image%252F137995%252F36%252Fcornflower-37209_front_1628248335.png%3Fixlib%3Drb-3.2.1%26auto%3Dformat%252Ccompress%26s%3Db1b4df70a05d90161ce1014495070a54?ixlib=rb-3.2.1&w=700&auto=format%2Ccompress&s=ef586cdde27329e8f2457ebc8a7bd13d
3,gratitude journal,$60,self-care item,"Put your appreciation on paper with our gratitude journals. Cultivate an ongoing practice with daily prompts and monthly check-ins. Uplifting affirmations and inspiring mottos help you find joy on good days and bad. Take a mindful moment to recognise what feels good, or try an activity to find out what you’re grateful for. You’ll thank us later.",https://papier.imgix.net/https%3A%2F%2Fpapier.imgix.net%2Fhttps%253A%252F%252Fwww.papier.com%252Fproduct_image%252F136854%252F36%252Fyellow-buttercups-36775_front_1629116027.png%3Fixlib%3Drb-3.2.1%26auto%3Dformat%252Ccompress%26s%3Ddf335cb36d288ace9878479b51a97959?ixlib=rb-3.2.1&w=700&auto=format%2Ccompress&s=e2a404cbbc6695d1730813a7bf04a2c2
4,skin care: fresh,$120,self-care kit,"This set includes the Soy Makeup Removing Face Wash, which is a bestselling pH-balanced face wash with amino acid-rich soy proteins that melt away makeup and the look of impurities for toned skin. The set also includes the Rose Face Mask, which is a quickly hydrating mask with real rose petals suspended in a silky gel that gently soothes and visibly tones with a plumping effect. This gift box is plastic-free.",https://www.sephora.com/productimages/sku/s2480952-main-zoom.jpg?imwidth=1224
5,skin care: Mario Badescu,$120,self-care kit,"Name a more iconic duo. Drying Lotion targets surface blemishes while you sleep with a fast-acting salicylic acid, sulfur, and calamine formula. Facial Spray with Aloe, Herbs, and Rosewater keeps skin glowing as rejuvenating rose and clarifying thyme re-energize skin with dewy radiance anytime, anywhere.",https://www.sephora.com/productimages/sku/s2491561-main-zoom.jpg?imwidth=1224
6,skin care: LANEIGE,$120,self-care kit,"A dreamy set that includes LANEIGE’s favorite lip products, Lip Glowy Balm in Berry and Lip Sleeping Mask in Peach Iced Tea.  The result: nourished, soft, and supple lips.",https://www.sephora.com/productimages/sku/s2472504-main-zoom.jpg?imwidth=1224