Name,Price,Rating,URL,Image
"Self-Love Workbook for Women: Release Self-Doubt, Build Self-Compassion, and Embrace Who You Are (Self-Help Workbooks for Women)",$9.59,4.7 out of 5 stars,https://www.amazon.com//Self-Love-Workbook-Women-Self-Doubt-Self-Compassion/dp/1647397294/ref=sr_1_1?keywords=self+love&qid=1637153395&sr=8-1,https://m.media-amazon.com/images/I/81k17unItGL._AC_UL320_.jpg
365 Days of Self-Love: Daily Exercises from Experts Around the World,$0.00,5.0 out of 5 stars,https://www.amazon.com//365-Days-Self-Love-Exercises-Experts-ebook/dp/B09J2ZZWLM/ref=sr_1_2?keywords=self+love&qid=1637153395&sr=8-2,https://m.media-amazon.com/images/I/71cyWvjpEPL._AC_UL320_.jpg
Self Love Poetry: For Thinkers & Feelers,$13.49,4.8 out of 5 stars,https://www.amazon.com//Self-Love-Poetry-Thinkers-Feelers/dp/1524871222/ref=sr_1_3?keywords=self+love&qid=1637153395&sr=8-3,https://m.media-amazon.com/images/I/71wZCVGP30S._AC_UL320_.jpg
"The Self-Love Workbook: A Life-Changing Guide to Boost Self-Esteem, Recognize Your Worth and Find Genuine Happiness (Self-Love Books)",$14.10,4.6 out of 5 stars,https://www.amazon.com//Self-Love-Workbook-Life-Changing-Self-Esteem-Recognize/dp/1612438660/ref=sr_1_4?keywords=self+love&qid=1637153395&sr=8-4,https://m.media-amazon.com/images/I/61PwfP1Rr0L._AC_UL320_.jpg
What The Heck Is Self-Love Anyway?,$11.72,4.7 out of 5 stars,https://www.amazon.com//What-Self-Love-Anyway-Jonathon-Aslay/dp/1092498397/ref=sr_1_5?keywords=self+love&qid=1637153395&sr=8-5,https://m.media-amazon.com/images/I/61d-JdXzt7L._AC_UL320_.jpg
"After the Rain: Gentle Reminders for Healing, Courage, and Self-Love",$17.96,4.8 out of 5 stars,https://www.amazon.com//After-Rain-Reminders-Healing-Self-Love/dp/1797200100/ref=sr_1_8?keywords=self+love&qid=1637153395&sr=8-8,https://m.media-amazon.com/images/I/71rVRots2pL._AC_UL320_.jpg
Unconditional: You Are Perfect As You Are: Manifest Your Healthiest and Happiest Life With the Healing Power of Self-Love,$12.99,5.0 out of 5 stars,https://www.amazon.com//Unconditional-Manifest-Healthiest-Happiest-Self-Love/dp/B09B1DW43X/ref=sr_1_9?keywords=self+love&qid=1637153395&sr=8-9,https://m.media-amazon.com/images/I/617Tolxa9OL._AC_UL320_.jpg
"Love Yourself First: How to Heal from Toxic People, Create Healthy Relationships & Become a Confident Woman (The Love Yourself Series)",$15.99,4.6 out of 5 stars,https://www.amazon.com//Love-Yourself-First-Relationships-Confident/dp/1734695102/ref=sr_1_10?keywords=self+love&qid=1637153395&sr=8-10,https://m.media-amazon.com/images/I/71iJb0cNLxL._AC_UL320_.jpg
Love Yourself Like Your Life Depends on It,$12.34,4.6 out of 5 stars,https://www.amazon.com//Love-Yourself-Like-Your-Depends/dp/0062968726/ref=sr_1_11?keywords=self+love&qid=1637153395&sr=8-11,https://m.media-amazon.com/images/I/61TFrYiXmnL._AC_UL320_.jpg
After the Breakup: A Self-Love Journal: Prompts and Practices to Help You Get Over Your Ex,$13.49,5.0 out of 5 stars,https://www.amazon.com//After-Breakup-Self-Love-Journal-Practices/dp/1638070407/ref=sr_1_13?keywords=self+love&qid=1637153395&sr=8-13,https://m.media-amazon.com/images/I/81kfJPjn5qL._AC_UL320_.jpg
Self-Love Workbook for First-Time Moms: A Road Map to Falling in Love with Yourself Again,$13.32,4.8 out of 5 stars,https://www.amazon.com//Self-Love-Workbook-First-Time-Moms-Yourself/dp/1648769624/ref=sr_1_14?keywords=self+love&qid=1637153395&sr=8-14,https://m.media-amazon.com/images/I/811U65meZyS._AC_UL320_.jpg
"The Body Is Not an Apology, Second Edition: The Power of Radical Self-Love",$14.78,4.8 out of 5 stars,https://www.amazon.com//Body-Not-Apology-Second-Self-Love/dp/1523090995/ref=sr_1_15?keywords=self+love&qid=1637153395&sr=8-15,https://m.media-amazon.com/images/I/81XWRkOppVL._AC_UL320_.jpg
"Meditations on Self-Love: Daily Wisdom for Healing, Acceptance, and Joy",$14.39,4.6 out of 5 stars,https://www.amazon.com//Meditations-Self-Love-Wisdom-Healing-Acceptance/dp/1647399491/ref=sr_1_16?keywords=self+love&qid=1637153395&sr=8-16,https://m.media-amazon.com/images/I/81spS3BSe3L._AC_UL320_.jpg
The Self Love Journal: Banish Self-Doubt and Learn to Love Yourself,$9.99,4.6 out of 5 stars,https://www.amazon.com//Self-Love-Journal-Self-Doubt-Yourself/dp/164152765X/ref=sr_1_17?keywords=self+love&qid=1637153395&sr=8-17,https://m.media-amazon.com/images/I/71dMKValgMS._AC_UL320_.jpg
"The 21-Day Self-Love Challenge: Learn How to Love Yourself Unconditionally, Cultivate Self-Worth, Self-Compassion and Confidence: 21-Day Challenges, Volume 6",$0.00,4.3 out of 5 stars,https://www.amazon.com//The-21-Day-Self-Love-Challenge-audiobook/dp/B0182V8W26/ref=sr_1_18?keywords=self+love&qid=1637153395&sr=8-18,https://m.media-amazon.com/images/I/818jy+fQ9iL._AC_UL320_.jpg
How to Be Nice to Yourself: The Everyday Guide to Self Compassion: Effective Strategies to Increase Self-Love and Acceptance,$10.29,4.4 out of 5 stars,https://www.amazon.com//How-Nice-Yourself-Compassion-Strategies/dp/1641522615/ref=sr_1_19?keywords=self+love&qid=1637153395&sr=8-19,https://m.media-amazon.com/images/I/71+qXHD1pbL._AC_UL320_.jpg
"Good Vibes, Good Life: How Self-Love Is the Key to Unlocking Your Greatness",$13.29,4.7 out of 5 stars,https://www.amazon.com//Good-Vibes-Life-Self-Love-Unlocking/dp/1788171829/ref=sr_1_20?keywords=self+love&qid=1637153395&sr=8-20,https://m.media-amazon.com/images/I/61O1O3n7JJL._AC_UL320_.jpg
Let That Sh*t Go: A Journal for Leaving Your Bullsh*t Behind and Creating a Happy Life (Zen as F*ck Journals),$8.99,4.7 out of 5 stars,https://www.amazon.com//Let-That-Sh-Go-Creating/dp/1250181909/ref=sr_1_21?keywords=self+love&qid=1637153395&sr=8-21,https://m.media-amazon.com/images/I/71hTq4t1PEL._AC_UL320_.jpg
THE FUNNY THING ABOUT HEALING AND SELF-LOVE,$23.83,4.7 out of 5 stars,https://www.amazon.com//FUNNY-THING-ABOUT-HEALING-SELF-LOVE/dp/B08ZFW2MM9/ref=sr_1_22?keywords=self+love&qid=1637153395&sr=8-22,https://m.media-amazon.com/images/I/719z-eqmF+L._AC_UL320_.jpg
"Good Morning, I Love You: Mindfulness and Self-Compassion Practices to Rewire Your Brain for Calm, Clarity, and Joy",$0.00,4.8 out of 5 stars,https://www.amazon.com//Good-Morning-Love-You-Self-Compassion/dp/B083LDZNYK/ref=sr_1_23?keywords=self+love&qid=1637153395&sr=8-23,https://m.media-amazon.com/images/I/819uBVyxKsL._AC_UL320_.jpg
Why Men Love Bitches: From Doormat to Dreamgirl―A Woman's Guide to Holding Her Own in a Relationship,$6.39,4.7 out of 5 stars,https://www.amazon.com//Why-Men-Love-Bitches-Relationship/dp/1580627560/ref=sr_1_25?keywords=self+love&qid=1637153395&sr=8-25,https://m.media-amazon.com/images/I/71fQKP80K+L._AC_UL320_.jpg
Rock Bottom is Where Bad Bitches Are Built: Find Your Footing; Conquer the Climb,$14.99,4.7 out of 5 stars,https://www.amazon.com//Rock-Bottom-Where-Bitches-Built/dp/1736516108/ref=sr_1_27?keywords=self+love&qid=1637153395&sr=8-27,https://m.media-amazon.com/images/I/71nuNFjfinL._AC_UL320_.jpg
"Forgiving What You Can't Forget: Discover How to Move On, Make Peace with Painful Memories, and Create a Life That’s Beautiful Again",$14.40,4.8 out of 5 stars,https://www.amazon.com//Forgiving-What-You-Cant-Forget/dp/0718039874/ref=sr_1_28?keywords=self+love&qid=1637153395&sr=8-28,https://m.media-amazon.com/images/I/81BfEN90D2L._AC_UL320_.jpg
The Mastery of Self: A Toltec Guide to Personal Freedom,$0.00,4.8 out of 5 stars,https://www.amazon.com//The-Mastery-of-Self-audiobook/dp/B01HZXL1FM/ref=sr_1_29?keywords=self+love&qid=1637153395&sr=8-29,https://m.media-amazon.com/images/I/91VuICdqmJL._AC_UL320_.jpg
Coffee Self-Talk: 5 Minutes a Day to Start Living Your Magical Life,$12.99,4.5 out of 5 stars,https://www.amazon.com//Coffee-Self-Talk-Minutes-Living-Magical/dp/0982372264/ref=sr_1_31?keywords=self+love&qid=1637153395&sr=8-31,https://m.media-amazon.com/images/I/61s9D5wFPvL._AC_UL320_.jpg
Better Daily Self-Care Habits: Simple Changes with Lifelong Impact (Habits series),$12.12,4.7 out of 5 stars,https://www.amazon.com//Better-Daily-Self-Care-Habits-Lifelong/dp/1648769799/ref=sr_1_32?keywords=self+love&qid=1637153395&sr=8-32,https://m.media-amazon.com/images/I/61WdJrxHPgS._AC_UL320_.jpg
"21-Day Challenges Box Set 1 - Self Love, Self Confidence, & Happiness",$0.00,3.7 out of 5 stars,https://www.amazon.com//21-Day-Challenges-Box-Set-Confidence/dp/B01BG8XFQK/ref=sr_1_33?keywords=self+love&qid=1637153395&sr=8-33,https://m.media-amazon.com/images/I/815s7Xi9PPL._AC_UL320_.jpg
"Ottolenghi Test Kitchen: Shelf Love: Recipes to Unlock the Secrets of Your Pantry, Fridge, and Freezer: A Cookbook",$26.99,4.5 out of 5 stars,https://www.amazon.com//Ottolenghi-Test-Kitchen-Recipes-Cookbook/dp/0593234367/ref=sr_1_34?keywords=self+love&qid=1637153395&sr=8-34,https://m.media-amazon.com/images/I/71tCru6x6wL._AC_UL320_.jpg
Get Out of Your Own Way: Overcoming Self-Defeating Behavior,$13.99,4.6 out of 5 stars,https://www.amazon.com//Get-Out-Your-Own-Self-Defeating/dp/0399519904/ref=sr_1_35?keywords=self+love&qid=1637153395&sr=8-35,https://m.media-amazon.com/images/I/81q0fpwFa4L._AC_UL320_.jpg
Self-Love Guided Journal: A 30-day journey of self-discovery and emotional healing to help you feel good enough.,$14.99,4.7 out of 5 stars,https://www.amazon.com//Self-Love-Guided-Journal-self-discovery-emotional/dp/1734662115/ref=sr_1_36?keywords=self+love&qid=1637153395&sr=8-36,https://m.media-amazon.com/images/I/71mLav+Y4ML._AC_UL320_.jpg
The Self-Love Bible: How I Learned to Love Myself,$16.05,4.7 out of 5 stars,https://www.amazon.com//Self-Love-Bible-Learned-Love-Myself/dp/1999247302/ref=sr_1_37?keywords=self+love&qid=1637153395&sr=8-37,https://m.media-amazon.com/images/I/41ynBqTjSjL._AC_UL320_.jpg
A Year of Self-Esteem: Daily Reflections and Practices for Embracing Your Worth (A Year of Daily Reflections),$13.90,4.9 out of 5 stars,https://www.amazon.com//Year-Self-Esteem-Reflections-Practices-Embracing/dp/1638073406/ref=sr_1_38?keywords=self+love&qid=1637153395&sr=8-38,https://m.media-amazon.com/images/I/71UX6z9m33S._AC_UL320_.jpg
The 5 Love Languages: The Secret to Love that Lasts,$7.57,4.8 out of 5 stars,https://www.amazon.com//Love-Languages-Secret-that-Lasts/dp/080241270X/ref=sr_1_39?keywords=self+love&qid=1637153395&sr=8-39,https://m.media-amazon.com/images/I/81RuAzKrHkL._AC_UL320_.jpg
Women Who Love Too Much: When You Keep Wishing and Hoping He'll Change,$0.00,4.6 out of 5 stars,https://www.amazon.com//Women-Who-Love-Too-Much-audiobook/dp/B00AHYGI8W/ref=sr_1_40?keywords=self+love&qid=1637153395&sr=8-40,https://m.media-amazon.com/images/I/81ynP0u4StL._AC_UL320_.jpg
"Love Yourself First!: Boost Your Self-Esteem in 30 Days: Change Your Habits, Change Your Life, Book 4",$0.00,4.6 out of 5 stars,https://www.amazon.com//Love-Yourself-First-Self-Esteem-Change/dp/B07YYM54LT/ref=sr_1_41?keywords=self+love&qid=1637153395&sr=8-41,https://m.media-amazon.com/images/I/71vT97dsOHL._AC_UL320_.jpg
Love & Respect: The Love She Most Desires; The Respect He Desperately Needs,$12.27,4.7 out of 5 stars,https://www.amazon.com//Love-Respect-Desires-Desperately-Needs/dp/1591451876/ref=sr_1_42?keywords=self+love&qid=1637153395&sr=8-42,https://m.media-amazon.com/images/I/71uv3eC4frL._AC_UL320_.jpg
A Year of Self-Care: Daily Practices and Inspiration for Caring for Yourself (A Year of Daily Reflections),$14.69,4.6 out of 5 stars,https://www.amazon.com//Year-Self-Care-Practices-Inspiration-Yourself/dp/1648765092/ref=sr_1_43?keywords=self+love&qid=1637153395&sr=8-43,https://m.media-amazon.com/images/I/71BGyoM4i7L._AC_UL320_.jpg
True You: A Self-Discovery Journal of Prompts and Exercises to Inspire Reflection and Growth,$11.66,4.6 out of 5 stars,https://www.amazon.com//True-You-Self-Discovery-Exercises-Reflection/dp/164611633X/ref=sr_1_44?keywords=self+love&qid=1637153395&sr=8-44,https://m.media-amazon.com/images/I/8153pI2mNqL._AC_UL320_.jpg
Be Unapologetically You: A Self Love Guide for Women of Color,$13.80,4.7 out of 5 stars,https://www.amazon.com//Be-Unapologetically-You-Guide-Women/dp/0994863780/ref=sr_1_45?keywords=self+love&qid=1637153395&sr=8-45,https://m.media-amazon.com/images/I/51j89eUpEQL._AC_UL320_.jpg
SELF LOVE Made Easy: For the Busy Christian Woman: Learn to Value Yourself and See Yourself through God's Eyes (Reclaim Yourself),$0.00,4.9 out of 5 stars,https://www.amazon.com//SELF-LOVE-Made-Easy-Christian-ebook/dp/B09JCSGBYZ/ref=sr_1_46?keywords=self+love&qid=1637153395&sr=8-46,https://m.media-amazon.com/images/I/81C80VwD2AL._AC_UL320_.jpg
"Soul Therapy: A 365 day journal for self exploration, healing and reflection",$19.95,4.7 out of 5 stars,https://www.amazon.com//Soul-Therapy-journal-exploration-reflection/dp/1987415132/ref=sr_1_47?keywords=self+love&qid=1637153395&sr=8-47,https://m.media-amazon.com/images/I/31zpmtnW-mL._AC_UL320_.jpg
"The Self Care Prescription Journal: Powerful Prompts to Manage Emotions, Cultivate Well-Being, and Achieve Your Goals",$13.49,4.6 out of 5 stars,https://www.amazon.com//Self-Care-Prescription-Journal-Well-Being/dp/1648766781/ref=sr_1_48?keywords=self+love&qid=1637153395&sr=8-48,https://m.media-amazon.com/images/I/81-giZ1lu-S._AC_UL320_.jpg
"The Science of Engineering Attraction & Love: Flirt, Date, and Mate Using Human Psychology (The Psychology of Social Dynamics)",$13.99,4.2 out of 5 stars,https://www.amazon.com//gp/slredirect/picassoRedirect.html/ref=pa_sp_atf_next_aps_sr_pg2_1?ie=UTF8&adId=A03021553PXXPI5VQC30N&url=%2FScience-Engineering-Attraction-Love-Psychology%2Fdp%2F1983844373%2Fref%3Dsr_1_49_sspa%3Fkeywords%3Dself%2Blove%26qid%3D1637153400%26sr%3D8-49-spons%26psc%3D1&qualifier=1637153400&id=7585179013378187&widgetName=sp_atf_next,https://m.media-amazon.com/images/I/51rgAhZ5blL._AC_UL320_.jpg
"Self Love and Spiritual Alchemy: Transform Your Mindset, Strengthen Your Self-Worth and Manifest the Life You Desire.",$0.00,4.6 out of 5 stars,https://www.amazon.com//Self-Love-Spiritual-Alchemy-Strengthen/dp/B092CJ1G32/ref=sr_1_50?keywords=self+love&qid=1637153400&sr=8-50,https://m.media-amazon.com/images/I/71NoU-Qwy5L._AC_UL320_.jpg
The Self-Love Song: A Guide to Breaking Cycles and Healing Trauma: A Sweet Serenade from Your Inner Child to Your Highest Self,$18.95,5.0 out of 5 stars,https://www.amazon.com//Self-Love-Song-Breaking-Healing-Serenade/dp/1952566266/ref=sr_1_51?keywords=self+love&qid=1637153400&sr=8-51,https://m.media-amazon.com/images/I/516ePCT7bzL._AC_UL320_.jpg
"Recovery from Gaslighting & Narcissistic Abuse, Codependency & Complex PTSD (3 in 1): Emotional Abuse, People-Pleasing and Trauma vs. Emotional Regulation, Mindfulness, Independence and Self-Caring",$23.78,4.8 out of 5 stars,https://www.amazon.com//Recovery-Gaslighting-Narcissistic-Codependency-Complex/dp/B09HPGQTXX/ref=sr_1_52?keywords=self+love&qid=1637153400&sr=8-52,https://m.media-amazon.com/images/I/61ng2rLMbIL._AC_UL320_.jpg
A Year of Self Love: Daily Wisdom and Inspiration for Loving Yourself (A Year of Daily Reflections),$12.99,4.5 out of 5 stars,https://www.amazon.com//Year-Self-Love-Inspiration-Yourself/dp/1641527641/ref=sr_1_53?keywords=self+love&qid=1637153400&sr=8-53,https://m.media-amazon.com/images/I/71f1OesyTiL._AC_UL320_.jpg
"The 5 Second Rule: Transform your Life, Work, and Confidence with Everyday Courage",$0.00,4.5 out of 5 stars,https://www.amazon.com//The-5-Second-Rule-Mel-Robbins-audiobook/dp/B06W9M3QDJ/ref=sr_1_54?keywords=self+love&qid=1637153400&sr=8-54,https://m.media-amazon.com/images/I/914dfd7gq9L._AC_UL320_.jpg
Love Yourself: 100 Empowering Affirmations to Celebrate You,$11.69,4.7 out of 5 stars,https://www.amazon.com//Love-Yourself-Empowering-Affirmations-Celebrate/dp/1648766773/ref=sr_1_55?keywords=self+love&qid=1637153400&sr=8-55,https://m.media-amazon.com/images/I/715Kd5XELpS._AC_UL320_.jpg
SELF-LOVE: Falling In Love With Yourself,$19.99,,https://www.amazon.com//SELF-LOVE-Falling-Yourself-K-D-Jones/dp/B09HNFPNFQ/ref=sr_1_57?keywords=self+love&qid=1637153400&sr=8-57,https://m.media-amazon.com/images/I/518lCoifYVL._AC_UL320_.jpg
100 Things I Love About You: A Journal (100 Things I Love About You Journal),$7.96,4.7 out of 5 stars,https://www.amazon.com//100-Things-Love-About-You/dp/1647398207/ref=sr_1_58?keywords=self+love&qid=1637153400&sr=8-58,https://m.media-amazon.com/images/I/81w4WNSXXVL._AC_UL320_.jpg
"The Self-Love Workbook for Teens: A Transformative Guide to Boost Self-Esteem, Build a Healthy Mindset, and Embrace Your True Self (Self-Love Books)",$15.39,4.7 out of 5 stars,https://www.amazon.com//Self-Love-Workbook-Teens-Transformative-Self-Esteem/dp/1646040104/ref=sr_1_59?keywords=self+love&qid=1637153400&sr=8-59,https://m.media-amazon.com/images/I/71rPo7IS85L._AC_UL320_.jpg
The Self-Love Revolution: Radical Body Positivity for Girls of Color (The Instant Help Solutions Series),$14.49,4.8 out of 5 stars,https://www.amazon.com//Self-Love-Revolution-Radical-Positivity-Solutions/dp/1684034116/ref=sr_1_60?keywords=self+love&qid=1637153400&sr=8-60,https://m.media-amazon.com/images/I/71AkJ48DOXL._AC_UL320_.jpg
The Five Levels of Attachment: Toltec Wisdom for the Modern World,$13.46,4.7 out of 5 stars,https://www.amazon.com//Five-Levels-Attachment-Toltec-Wisdom/dp/1938289455/ref=sr_1_61?keywords=self+love&qid=1637153400&sr=8-61,https://m.media-amazon.com/images/I/61etKG9gkzL._AC_UL320_.jpg
Brown Eyed Girl: A Journey to Self-Love,$15.99,,https://www.amazon.com//Brown-Eyed-Girl-Journey-Self-Love/dp/1737641119/ref=sr_1_62?keywords=self+love&qid=1637153400&sr=8-62,https://m.media-amazon.com/images/I/61UZcqeCW6L._AC_UL320_.jpg
"I'm Awesome: Teen Self Esteem Journal, Workbook to Boost Self Esteem, Guide to Overcome Insecurities, Boost Your Confidence&Fall in Love with ... Book (Self-Esteem and Confidence Journals)",$7.99,4.5 out of 5 stars,https://www.amazon.com//Im-Awesome-Insecurities-Confidence-Self-Esteem/dp/B08K41YJCB/ref=sr_1_63?keywords=self+love&qid=1637153400&sr=8-63,https://m.media-amazon.com/images/I/51V8YJkrBJL._AC_UL320_.jpg
"Hey Girl! Self-Love Journal for Women: Embrace Wellbeing, Practice Self-Compassion & Gratitude, and Learn to Love Yourself for Who You Are",$8.99,4.9 out of 5 stars,https://www.amazon.com//Girl-Self-Love-Journal-Women-Self-Compassion/dp/1952821096/ref=sr_1_64?keywords=self+love&qid=1637153400&sr=8-64,https://m.media-amazon.com/images/I/91AGgf-FxgL._AC_UL320_.jpg
"A Beautiful Me: Self Love and Acceptance Journal: An all-in-one journal with prompts and exercises proven to release guilt, regret and shame. Learn to ... yourself. Then find and live your purpose!",$19.99,,https://www.amazon.com//Beautiful-Acceptance-all-one-exercises/dp/B09LGV91HM/ref=sr_1_66?keywords=self+love&qid=1637153400&sr=8-66,https://m.media-amazon.com/images/I/61oysBlYBrL._AC_UL320_.jpg
"The Self Care Prescription: Powerful Solutions to Manage Stress, Reduce Anxiety & Increase Wellbeing",$9.58,4.6 out of 5 stars,https://www.amazon.com//Self-Care-Prescription-Solutions-Wellbeing/dp/164152393X/ref=sr_1_67?keywords=self+love&qid=1637153400&sr=8-67,https://m.media-amazon.com/images/I/71ZYXNTNuSL._AC_UL320_.jpg
Malignant Self-Love: Narcissism Revisited,$43.40,4.7 out of 5 stars,https://www.amazon.com//Malignant-Self-Love-Narcissism-Sam-Vaknin/dp/8023833847/ref=sr_1_68?keywords=self+love&qid=1637153400&sr=8-68,https://m.media-amazon.com/images/I/41hgfbwYXAL._AC_UL320_.jpg
Untamed,$16.73,4.6 out of 5 stars,https://www.amazon.com//Untamed-Glennon-Doyle-Melton/dp/1984801252/ref=sr_1_69?keywords=self+love&qid=1637153400&sr=8-69,https://m.media-amazon.com/images/I/91AQs6qv9ML._AC_UL320_.jpg
Self Talk: How to Train Your Brain to Turn Negative Thinking into Positive Thinking & Practice Self Love,$0.00,4.3 out of 5 stars,https://www.amazon.com//Self-Talk-Negative-Thinking-Positive/dp/B075ZZPLVZ/ref=sr_1_70?keywords=self+love&qid=1637153400&sr=8-70,https://m.media-amazon.com/images/I/81rl06Rl5DL._AC_UL320_.jpg
"STOP CODEPENDENCY!: Break the Chains of Codependency, Learn to Love Yourself and Take Control of Your Life",$0.00,4.9 out of 5 stars,https://www.amazon.com//STOP-CODEPENDENCY-Codependency-Yourself-Control-ebook/dp/B09KH785HL/ref=sr_1_71?keywords=self+love&qid=1637153400&sr=8-71,https://m.media-amazon.com/images/I/81uDncej1ML._AC_UL320_.jpg
The Self-Love Oracle,$17.62,4.6 out of 5 stars,https://www.amazon.com//Self-Love-Oracle-Janet-Chui/dp/1582708177/ref=sr_1_72?keywords=self+love&qid=1637153400&sr=8-72,https://m.media-amazon.com/images/I/81dtf2Tdx4L._AC_UL320_.jpg
"Daring Greatly: How the Courage to Be Vulnerable Transforms the Way We Live, Love, Parent, and Lead",$0.00,4.7 out of 5 stars,https://www.amazon.com//Daring-Greatly-Brene-Brown-audiobook/dp/B07DX6TNR1/ref=sr_1_73?keywords=self+love&qid=1637153400&sr=8-73,https://m.media-amazon.com/images/I/711tUD4Nm+L._AC_UL320_.jpg
"Never Chase Men Again: 38 Dating Secrets to Get the Guy, Keep Him Interested, and Prevent Dead-End Relationships",$0.00,4.4 out of 5 stars,https://www.amazon.com//Never-Chase-Men-Again-audiobook/dp/B01369NN32/ref=sr_1_74?keywords=self+love&qid=1637153400&sr=8-74,https://m.media-amazon.com/images/I/81R7t6SljRL._AC_UL320_.jpg
Self Love is Not Selfish: Unlocking Internal Wealth,$14.99,4.7 out of 5 stars,https://www.amazon.com//Self-Love-Not-Selfish-Unlocking/dp/B08T6BQ4Y7/ref=sr_1_75?keywords=self+love&qid=1637153400&sr=8-75,https://m.media-amazon.com/images/I/614TKoAGteL._AC_UL320_.jpg
"Self Love Notes: Uplifting Poetry, Affirmations & Quotes",$12.99,5.0 out of 5 stars,https://www.amazon.com//Self-Love-Notes-Uplifting-Affirmations/dp/1737010313/ref=sr_1_76?keywords=self+love&qid=1637153400&sr=8-76,https://m.media-amazon.com/images/I/617Vq72frGL._AC_UL320_.jpg
"Daily Self-Care for Women: 101 Daily Practices for Self-Love, Well-Being, and Happiness (Positive Life Books for Women)",$0.00,5.0 out of 5 stars,https://www.amazon.com//Daily-Self-Care-Women-Practices-Well-Being-ebook/dp/B09LG6H371/ref=sr_1_77?keywords=self+love&qid=1637153400&sr=8-77,https://m.media-amazon.com/images/I/71wGBnHTqjL._AC_UL320_.jpg
Boundaries in Dating: How Healthy Choices Grow Healthy Relationships,$0.00,4.6 out of 5 stars,https://www.amazon.com//Boundaries-in-Dating-audiobook/dp/B0037B35RY/ref=sr_1_78?keywords=self+love&qid=1637153400&sr=8-78,https://m.media-amazon.com/images/I/71byvJDYVpL._AC_UL320_.jpg
The Self-Love Superpower: The Magical Art of Approving of Yourself (No Matter What),$16.30,4.9 out of 5 stars,https://www.amazon.com//Self-Love-Superpower-Magical-Approving-Yourself/dp/0738767522/ref=sr_1_79?keywords=self+love&qid=1637153400&sr=8-79,https://m.media-amazon.com/images/I/61hNu6jUwDS._AC_UL320_.jpg
"Self Care Workbook for Black Women : 52 Week Guided Check-in Journal, Planner & Activity Book for Well-being: 12 Months of Self Care for Black Women Who Do Too Much",$12.99,4.6 out of 5 stars,https://www.amazon.com//Self-Workbook-Black-Women-Check/dp/B08RRMS9CT/ref=sr_1_80?keywords=self+love&qid=1637153400&sr=8-80,https://m.media-amazon.com/images/I/51ag9GgRSnL._AC_UL320_.jpg
"The 5-Minute Gratitude Journal: Give Thanks, Practice Positivity, Find Joy",$10.79,4.7 out of 5 stars,https://www.amazon.com//5-Minute-Gratitude-Journal-Practice-Positivity/dp/1647397197/ref=sr_1_81?keywords=self+love&qid=1637153400&sr=8-81,https://m.media-amazon.com/images/I/71Rf753TNtL._AC_UL320_.jpg
"Eat, Pray, #FML",$0.00,4.5 out of 5 stars,https://www.amazon.com//Eat-Pray-FML/dp/B08464XWWY/ref=sr_1_82?keywords=self+love&qid=1637153400&sr=8-82,https://m.media-amazon.com/images/I/81Su7EMLKJL._AC_UL320_.jpg
"Eliminate Negative Thinking: How to Overcome Negativity, Control Your Thoughts, And Stop Overthinking. Shift Your Focus into Positive Thinking, Self-Acceptance, And Radical Self Love",$14.69,4.5 out of 5 stars,https://www.amazon.com//Eliminate-Negative-Thinking-Overthinking-Self-Acceptance/dp/1647800846/ref=sr_1_84?keywords=self+love&qid=1637153400&sr=8-84,https://m.media-amazon.com/images/I/61j1URfI9US._AC_UL320_.jpg
"Little Nikki - Her Journey to Self-Love: A children's book about self-love, self-esteem and growth",$12.99,5.0 out of 5 stars,https://www.amazon.com//Little-Nikki-Self-Love-childrens-self-esteem/dp/B09KN2PLYF/ref=sr_1_85?keywords=self+love&qid=1637153400&sr=8-85,https://m.media-amazon.com/images/I/51iAmdHKwGL._AC_UL320_.jpg
"The Witch's Book of Self-Care: Magical Ways to Pamper, Soothe, and Care for Your Body and Spirit",$11.89,4.8 out of 5 stars,https://www.amazon.com//Witchs-Book-Self-Care-Magical-Pamper/dp/1507209142/ref=sr_1_86?keywords=self+love&qid=1637153400&sr=8-86,https://m.media-amazon.com/images/I/81C9e3MMsJL._AC_UL320_.jpg
"Self-Love Workbook for Men: Recognize Your Worth, Build Self-Confidence, Overcome Self-Doubt, and Embrace Who You Are",$12.95,4.2 out of 5 stars,https://www.amazon.com//Self-Love-Workbook-Men-Self-Confidence-Self-Doubt/dp/B09HFXH972/ref=sr_1_87?keywords=self+love&qid=1637153400&sr=8-87,https://m.media-amazon.com/images/I/61YGSg3kJZL._AC_UL320_.jpg
My Self-Love ABC's Coloring Book,$8.00,5.0 out of 5 stars,https://www.amazon.com//My-Self-Love-ABCs-Coloring-Book/dp/1736421336/ref=sr_1_88?keywords=self+love&qid=1637153400&sr=8-88,https://m.media-amazon.com/images/I/61qX3AKksUL._AC_UL320_.jpg
A Self-Love Journal: 100 Things I Love about Me (100 Things I Love About You),$12.47,5.0 out of 5 stars,https://www.amazon.com//Self-Love-Journal-Things-about-About/dp/1638073333/ref=sr_1_90?keywords=self+love&qid=1637153400&sr=8-90,https://m.media-amazon.com/images/I/811DKXe3S8L._AC_UL320_.jpg
Daily Affirmations for Self-Love: 2222 Positive Affirmations to Attract Happiness,$0.00,,https://www.amazon.com//Daily-Affirmations-Self-Love-Positive-Happiness-ebook/dp/B09KVD2114/ref=sr_1_91?keywords=self+love&qid=1637153400&sr=8-91,https://m.media-amazon.com/images/I/814C9W03JaL._AC_UL320_.jpg
PS I Love Me: 12 Steps for a Self-Love Transformation,$6.99,5.0 out of 5 stars,https://www.amazon.com//PS-Love-Me-Self-Love-Transformation-ebook/dp/B09FQGCP4N/ref=sr_1_92?keywords=self+love&qid=1637153400&sr=8-92,https://m.media-amazon.com/images/I/71QRQpUc-YL._AC_UL320_.jpg
"Finding My Awesome: Confidence, Self-Love, and Joy",$15.99,4.9 out of 5 stars,https://www.amazon.com//Finding-My-Awesome-Confidence-Self-Love/dp/0578943824/ref=sr_1_93?keywords=self+love&qid=1637153400&sr=8-93,https://m.media-amazon.com/images/I/811QRKxI5uL._AC_UL320_.jpg
Self-care is Self-love,$15.67,5.0 out of 5 stars,https://www.amazon.com//Self-care-Self-love-Dr-Brandy-Gale/dp/B09JVFF4YV/ref=sr_1_94?keywords=self+love&qid=1637153400&sr=8-94,https://m.media-amazon.com/images/I/61kv0zhAcLL._AC_UL320_.jpg
Self Love is the Best Love: Empowerment Journal,$35.63,4.2 out of 5 stars,https://www.amazon.com//Self-Love-Best-Empowerment-Journal/dp/194328489X/ref=sr_1_95?keywords=self+love&qid=1637153400&sr=8-95,https://m.media-amazon.com/images/I/71uPSyS+UjL._AC_UL320_.jpg
"Self-Love Games & Activities: 125 Word Searches, Mazes, & Games to Boost Your Happiness, Resilience, & Well-Being (Puzzle Therapy)",$12.99,5.0 out of 5 stars,https://www.amazon.com//Self-Love-Games-Activities-Resilience-Well-Being/dp/1507216246/ref=sr_1_96?keywords=self+love&qid=1637153400&sr=8-96,https://m.media-amazon.com/images/I/61gqznzMKdS._AC_UL320_.jpg
"Black Girl In Love (with Herself): A Guide to Self-Love, Healing, and Creating the Life You Truly Deserve",$15.29,4.8 out of 5 stars,https://www.amazon.com//Black-Girl-Love-Herself-Self-Love/dp/140196026X/ref=sr_1_97?keywords=self+love&qid=1637153400&sr=8-97,https://m.media-amazon.com/images/I/81hcknEkoxL._AC_UL320_.jpg
"Black Girl In Love (with Herself): A Guide to Self-Love, Healing, and Creating the Life You Truly Deserve",$15.29,4.8 out of 5 stars,https://www.amazon.com//Black-Girl-Love-Herself-Self-Love/dp/140196026X/ref=sr_1_97?keywords=self+love&qid=1637153404&sr=8-97,https://m.media-amazon.com/images/I/81hcknEkoxL._AC_UL320_.jpg
"Self Love Bible for Women: The 7 day Revolution: Love Yourself & You Will Be Loved High Self-Esteem, Confidence, Self-Awareness, Inner Peace, Hypnosis, Affirmations, Anxiety & Power of Letting Go",$17.99,4.9 out of 5 stars,https://www.amazon.com//Self-Love-Bible-Women-Self-Awareness/dp/B09HQK9Q1Z/ref=sr_1_98?keywords=self+love&qid=1637153404&sr=8-98,https://m.media-amazon.com/images/I/61JK06A+w2L._AC_UL320_.jpg
The Black Girl's Guide to Healing Emotional Wounds,$16.99,4.7 out of 5 stars,https://www.amazon.com//Black-Girls-Healing-Emotional-Wounds/dp/1734692812/ref=sr_1_99?keywords=self+love&qid=1637153404&sr=8-99,https://m.media-amazon.com/images/I/61r0ZFSFILL._AC_UL320_.jpg
5 Love Languages Of Children: The Secret To Loving Children Effectively,$8.99,4.8 out of 5 stars,https://www.amazon.com//Love-Languages-Children-Secret-Effectively/dp/0802412858/ref=sr_1_101?keywords=self+love&qid=1637153404&sr=8-101,https://m.media-amazon.com/images/I/91zCZeR09aL._AC_UL320_.jpg
"Ultimate Self-Love Guide for Teens: The Must-Have Workbook and Journal to Boost Self-Confidence, Build Self-Worth and Develop Positive Self-Esteem",$11.99,4.9 out of 5 stars,https://www.amazon.com//Ultimate-Self-Love-Guide-Teens-Self-Confidence/dp/B09GQJPJ4M/ref=sr_1_102?keywords=self+love&qid=1637153404&sr=8-102,https://m.media-amazon.com/images/I/6136hDK+PEL._AC_UL320_.jpg
Everything a Band-Aid Can't Fix: A Teen's Guide to Healing and Dealing with Life,$18.95,4.7 out of 5 stars,https://www.amazon.com//Everything-Band-Aid-Cant-Fix-Healing/dp/1634894553/ref=sr_1_103?keywords=self+love&qid=1637153404&sr=8-103,https://m.media-amazon.com/images/I/61qrzm1TXcL._AC_UL320_.jpg
THE JOURNEY TO SELF LOVE: A Guided Journal,$7.00,5.0 out of 5 stars,https://www.amazon.com//JOURNEY-SELF-LOVE-Guided-Journal/dp/B09LGNV8SC/ref=sr_1_104?keywords=self+love&qid=1637153404&sr=8-104,https://m.media-amazon.com/images/I/513snzGPe6L._AC_UL320_.jpg
"Self-Love For Men Workbook: A Powerful Guide To Build Self-Esteem, Confidence, And Overcome Self-Doubt",$8.10,3.9 out of 5 stars,https://www.amazon.com//Self-Love-Men-Workbook-Self-Esteem-Confidence/dp/B09CRY3BF9/ref=sr_1_105?keywords=self+love&qid=1637153404&sr=8-105,https://m.media-amazon.com/images/I/61fMeiz4PmL._AC_UL320_.jpg
Witchcraft for Self-Love : Magical Practices on the Journey to Self-Love,$0.00,4.4 out of 5 stars,https://www.amazon.com//Witchcraft-Self-Love-Magical-Practices-Journey-ebook/dp/B09GP2V1FF/ref=sr_1_106?keywords=self+love&qid=1637153404&sr=8-106,https://m.media-amazon.com/images/I/81D2GxXnJFL._AC_UL320_.jpg
"Confidence & Self Love Workbook for Women: Real Ways to Love Yourself, Increase Your Self-Worth and Be Confident in Who You Are",$14.97,4.6 out of 5 stars,https://www.amazon.com//Confidence-Self-Love-Workbook-Women/dp/B08Y6545XK/ref=sr_1_107?keywords=self+love&qid=1637153404&sr=8-107,https://m.media-amazon.com/images/I/61c28FZSgGL._AC_UL320_.jpg
"Love Yourself Deeply: Self-Love for Women, Recognize Your Self-Worth, Glow with Self-Confidence, Get Your Self-Esteem Back",$0.00,4.6 out of 5 stars,https://www.amazon.com//Love-Yourself-Deeply-Self-Confidence-Self-Esteem/dp/B09D8RXTPT/ref=sr_1_108?keywords=self+love&qid=1637153404&sr=8-108,https://m.media-amazon.com/images/I/71GyCrHwk1L._AC_UL320_.jpg
"The Mindfulness Workbook for Self-Compassion: A complete Guide for Teens and Adults for Increasing Self-Love, Self-Kindness, and Self-Esteem. Developing and Mastering Your Abilities.",$0.00,4.6 out of 5 stars,https://www.amazon.com//Mindfulness-Workbook-Self-Compassion-Self-Kindness-Self-Esteem-ebook/dp/B08SHDB274/ref=sr_1_109?keywords=self+love&qid=1637153404&sr=8-109,https://m.media-amazon.com/images/I/71reYP3ruWL._AC_UL320_.jpg
"The Lay of the Land: A Self-Taught Photographer's Journey to Find Faith, Love, and Happiness",$29.99,,https://www.amazon.com//Lay-Land-Self-Taught-Photographers-Happiness/dp/0063111780/ref=sr_1_111?keywords=self+love&qid=1637153404&sr=8-111,https://m.media-amazon.com/images/I/81EJsOHf3GL._AC_UL320_.jpg
"IF GOD LOVES YOU, YOU SHOULD TOO!: RISE UP by Practicing Self-Love",$12.00,4.8 out of 5 stars,https://www.amazon.com//GOD-LOVES-YOU-SHOULD-TOO/dp/B08RYK63W8/ref=sr_1_112?keywords=self+love&qid=1637153404&sr=8-112,https://m.media-amazon.com/images/I/61I5fl6O5jL._AC_UL320_.jpg
Rise and Shine - Daily Affirmations for Women: Morning Motivation to Inspire Positivity and Self-Love,$3.99,,https://www.amazon.com//Rise-Shine-Affirmations-Motivation-Positivity-ebook/dp/B09LKB9841/ref=sr_1_113?keywords=self+love&qid=1637153404&sr=8-113,https://m.media-amazon.com/images/I/91qpD-lCDaL._AC_UL320_.jpg
"Alpha Female Bible: Identify and Eliminate Anxiety, Jealousy, Negative Thinking, Overcome Anger and Couple Conflicts. Build Your Healthy Relationship as a Real Alpha Woman",$18.99,4.3 out of 5 stars,https://www.amazon.com//Alpha-Female-Bible-Conflicts-Relationship/dp/B09244XRZ1/ref=sr_1_114?keywords=self+love&qid=1637153404&sr=8-114,https://m.media-amazon.com/images/I/61H7DEYvW1L._AC_UL320_.jpg
"30 Days of Self-Love: A guided journal for self-love, discovery and wellness",$14.99,5.0 out of 5 stars,https://www.amazon.com//30-Days-Self-Love-self-love-discovery/dp/B09GJQ3ST5/ref=sr_1_115?keywords=self+love&qid=1637153404&sr=8-115,https://m.media-amazon.com/images/I/413nxDe9zmL._AC_UL320_.jpg
Permission Granted: Kick-Ass Strategies to Bootstrap Your Way to Unconditional Self-Love,$15.26,4.6 out of 5 stars,https://www.amazon.com//Permission-Granted-Strategies-Bootstrap-Unconditional/dp/1608687260/ref=sr_1_116?keywords=self+love&qid=1637153404&sr=8-116,https://m.media-amazon.com/images/I/81s1NPkx4yS._AC_UL320_.jpg
"The Ultimate Self-Esteem Workbook for Teens: Overcome Insecurity, Defeat Your Inner Critic, and Live Confidently (Health and Wellness Workbooks for Teens)",$12.19,4.6 out of 5 stars,https://www.amazon.com//Ultimate-Self-Esteem-Workbook-Teens-Confidently/dp/1641526106/ref=sr_1_117?keywords=self+love&qid=1637153404&sr=8-117,https://m.media-amazon.com/images/I/71xb08r5YYL._AC_UL320_.jpg
Emotional Self Care for Black Women: A Journey of Self Help: Self Care Activities for Black Women to Heal their Emotional Selves,$9.99,4.6 out of 5 stars,https://www.amazon.com//Emotional-Self-Care-Black-Women/dp/B08SGWD584/ref=sr_1_118?keywords=self+love&qid=1637153404&sr=8-118,https://m.media-amazon.com/images/I/51k0tpdvUuL._AC_UL320_.jpg
Heal With Me: 12 Practices of Self Love to Heal Your Broken Heart ©,$19.99,,https://www.amazon.com//Heal-Me-Practices-Broken-Heart/dp/B09K25MSWR/ref=sr_1_119?keywords=self+love&qid=1637153404&sr=8-119,https://m.media-amazon.com/images/I/41NercHMFkL._AC_UL320_.jpg
Find Your F*cking Happy: A Journal to Help Pave the Way for Positive Sh*t Ahead (Zen as F*ck Journals),$10.49,4.7 out of 5 stars,https://www.amazon.com//Find-Your-cking-Happy-Positive/dp/1250214270/ref=sr_1_120?keywords=self+love&qid=1637153404&sr=8-120,https://m.media-amazon.com/images/I/81tb7LnkngL._AC_UL320_.jpg
The Witch's Guide to Manifestation: Witchcraft for the Life You Want,$13.49,4.8 out of 5 stars,https://www.amazon.com//Witchs-Guide-Manifestation-Witchcraft-Life/dp/1648763502/ref=sr_1_121?keywords=self+love&qid=1637153404&sr=8-121,https://m.media-amazon.com/images/I/91YLhC0w9HL._AC_UL320_.jpg
"Self Love: How to Boost Your Self Esteem and Heal Your Mind , Body and Soul",$11.99,,https://www.amazon.com//Self-Love-Boost-Your-Esteem/dp/B09K2BBMMT/ref=sr_1_122?keywords=self+love&qid=1637153404&sr=8-122,https://m.media-amazon.com/images/I/61XtLv4EgtL._AC_UL320_.jpg
Love Her Well: 10 Ways to Find Joy and Connection with Your Teenage Daughter,$12.99,4.8 out of 5 stars,https://www.amazon.com//Love-Her-Well-Connection-Daughter/dp/0785234187/ref=sr_1_123?keywords=self+love&qid=1637153404&sr=8-123,https://m.media-amazon.com/images/I/81W1r2pu6FL._AC_UL320_.jpg
"The ABCs of Self Love: A Simple Guide to Loving Yourself, Reclaiming Your Worth, and Changing Your Life",$14.99,,https://www.amazon.com//ABCs-Self-Love-Yourself-Reclaiming/dp/1524871230/ref=sr_1_124?keywords=self+love&qid=1637153404&sr=8-124,https://m.media-amazon.com/images/I/71ywE8dAQiL._AC_UL320_.jpg
Queen Mee Self-Love Activity Journal,$19.99,5.0 out of 5 stars,https://www.amazon.com//Queen-Mee-Self-Love-Activity-Journal/dp/B09GXNBFQL/ref=sr_1_125?keywords=self+love&qid=1637153404&sr=8-125,https://m.media-amazon.com/images/I/71STb+jn9XL._AC_UL320_.jpg
"A Year of Positive Thinking: Daily Inspiration, Wisdom, and Courage (A Year of Daily Reflections)",$10.79,4.7 out of 5 stars,https://www.amazon.com//Year-Positive-Thinking-Inspiration-Courage/dp/1641522410/ref=sr_1_126?keywords=self+love&qid=1637153404&sr=8-126,https://m.media-amazon.com/images/I/71IjM84fl+L._AC_UL320_.jpg
"Hypnosis for Self-Discipline, Self-Confidence, and Self-Love: Cleanse Your Soul of Negativity, Resurrect Your True Self, and Reclaim Your Confidence",$179.00,,https://www.amazon.com//Hypnosis-Self-Discipline-Self-Confidence-Self-Love-Negativity-ebook/dp/B09KBLBFGH/ref=sr_1_127?keywords=self+love&qid=1637153404&sr=8-127,https://m.media-amazon.com/images/I/91lv2jHwPxL._AC_UL320_.jpg
"Stop Overthinking: 23 Techniques to Relieve Stress, Stop Negative Spirals, Declutter Your Mind, and Focus on the Present",$13.99,4.5 out of 5 stars,https://www.amazon.com//Stop-Overthinking-Techniques-Declutter-Emotional/dp/B08XLLF3PG/ref=sr_1_128?keywords=self+love&qid=1637153404&sr=8-128,https://m.media-amazon.com/images/I/71sk+qmIRqL._AC_UL320_.jpg
"The Biblical View of Self-Esteem, Self-Love, and Self-Image",$9.79,4.4 out of 5 stars,https://www.amazon.com//Biblical-View-Self-Esteem-Self-Love-Self-Image/dp/0890815534/ref=sr_1_129?keywords=self+love&qid=1637153404&sr=8-129,https://m.media-amazon.com/images/I/61VPPpFFqoL._AC_UL320_.jpg
"Eliminate Negative Thinking: How to Overcome Negativity, Control Your Thoughts, And Stop Overthinking. Shift Your Focus into Positive Thinking, Self-Acceptance, And Radical Self Love",$14.69,4.5 out of 5 stars,https://www.amazon.com//Eliminate-Negative-Thinking-Overthinking-Self-Acceptance/dp/1647800846/ref=sr_1_130?keywords=self+love&qid=1637153404&sr=8-130,https://m.media-amazon.com/images/I/61j1URfI9US._AC_UL320_.jpg
Self Love: Finding Peace and Happiness,$19.99,4.9 out of 5 stars,https://www.amazon.com//Self-Love-Finding-Peace-Happiness/dp/1925682595/ref=sr_1_131?keywords=self+love&qid=1637153404&sr=8-131,https://m.media-amazon.com/images/I/71Ejh-twRVL._AC_UL320_.jpg
Self Love Journal,$6.99,,https://www.amazon.com//Self-Love-Journal-Carman-Freeman/dp/B09JXZ7WHY/ref=sr_1_132?keywords=self+love&qid=1637153404&sr=8-132,https://m.media-amazon.com/images/I/51FR4zvDPzL._AC_UL320_.jpg
Let Love Have the Last Word,$0.00,4.7 out of 5 stars,https://www.amazon.com//Let-Love-Have-Last-Word-Common-audiobook/dp/B07NDKCYV3/ref=sr_1_133?keywords=self+love&qid=1637153404&sr=8-133,https://m.media-amazon.com/images/I/81HmtkoE1IL._AC_UL320_.jpg
"Boundaries Sis Wellness and Self Love Journal: Healing, Stress Relief, and Self Care Journal for Self Esteem and Confidence",$6.99,5.0 out of 5 stars,https://www.amazon.com//Boundaries-Wellness-Self-Love-Journal/dp/B09K1TV1L3/ref=sr_1_134?keywords=self+love&qid=1637153404&sr=8-134,https://m.media-amazon.com/images/I/61nAo6Y-rqL._AC_UL320_.jpg
"A Body to Love: Cultivate Community, Body Positivity, and Self-Love in the Age of Social Media (Dealing With Body Image Issues)",$16.99,5.0 out of 5 stars,https://www.amazon.com//Body-Love-Cultivate-Community-Positivity/dp/1642506850/ref=sr_1_135?keywords=self+love&qid=1637153404&sr=8-135,https://m.media-amazon.com/images/I/71lzKBWWwBS._AC_UL320_.jpg
HELP! I'M IN LOVE WITH A NARCISSIST,$9.99,4.5 out of 5 stars,https://www.amazon.com//HELP-LOVE-NARCISSIST-Steven-Carter-ebook/dp/B00756AH2S/ref=sr_1_136?keywords=self+love&qid=1637153404&sr=8-136,https://m.media-amazon.com/images/I/516JIMN0rxL._AC_UL320_.jpg
Daily Affirmations for Self-Love: 2222 Positive Affirmations to Attract Happiness,$0.00,,https://www.amazon.com//Daily-Affirmations-Self-Love-Positive-Happiness-ebook/dp/B09KVD2114/ref=sr_1_137?keywords=self+love&qid=1637153404&sr=8-137,https://m.media-amazon.com/images/I/814C9W03JaL._AC_UL320_.jpg
The Mastery of Life: A Toltec Guide to Personal Freedom,$17.06,4.7 out of 5 stars,https://www.amazon.com//Mastery-Life-Toltec-Personal-Freedom/dp/1950253082/ref=sr_1_138?keywords=self+love&qid=1637153404&sr=8-138,https://m.media-amazon.com/images/I/91HcOPivPJL._AC_UL320_.jpg
Unfu*k Yourself: Get Out of Your Head and into Your Life,$0.00,4.6 out of 5 stars,https://www.amazon.com//Unfu-k-Yourself-Gary-John-Bishop-audiobook/dp/B0731QJ482/ref=sr_1_139?keywords=self+love&qid=1637153404&sr=8-139,https://m.media-amazon.com/images/I/81ttqWCP7TL._AC_UL320_.jpg
The Book Of Affirmations Self Love,$19.99,4.6 out of 5 stars,https://www.amazon.com//Book-Affirmations-Self-Love/dp/1733718702/ref=sr_1_140?keywords=self+love&qid=1637153404&sr=8-140,https://m.media-amazon.com/images/I/71ff30+tkEL._AC_UL320_.jpg
Stop Chasing Happy: And Start Pursuing Your Purpose,$15.29,4.9 out of 5 stars,https://www.amazon.com//Stop-Chasing-Happy-Pursuing-Purpose/dp/0736978798/ref=sr_1_141?keywords=self+love&qid=1637153404&sr=8-141,https://m.media-amazon.com/images/I/71i+q8z2wzS._AC_UL320_.jpg
"The Self-Discovery Journal: 52 Weeks of Reflection, Inspiration, and Growth",$13.49,4.5 out of 5 stars,https://www.amazon.com//Self-Discovery-Journal-Reflection-Inspiration-Growth/dp/1648767672/ref=sr_1_142?keywords=self+love&qid=1637153404&sr=8-142,https://m.media-amazon.com/images/I/71wWkJdPahS._AC_UL320_.jpg
Think and Grow Rich,$0.00,4.7 out of 5 stars,https://www.amazon.com//Think-and-Grow-Rich-Napoleon-Hill-audiobook/dp/B000XJNDVQ/ref=sr_1_143?keywords=self+love&qid=1637153404&sr=8-143,https://m.media-amazon.com/images/I/51Qot6SC4jL._AC_UL320_.jpg
Her,$12.09,4.7 out of 5 stars,https://www.amazon.com//Her-Pierre-Alex-Jeanty/dp/0997426586/ref=sr_1_144?keywords=self+love&qid=1637153404&sr=8-144,https://m.media-amazon.com/images/I/51uY3D54SZL._AC_UL320_.jpg
BLOOM: A Journey to Self-Love,$14.99,4.6 out of 5 stars,https://www.amazon.com//BLOOM-Journey-Self-Love-Brittany-Travest%C3%A9/dp/0692829229/ref=sr_1_145?keywords=self+love&qid=1637153408&sr=8-145,https://m.media-amazon.com/images/I/710P0MdGIiL._AC_UL320_.jpg
Finding Self: Journey to Self-love (The Feelings & Healing Collection),$9.80,4.6 out of 5 stars,https://www.amazon.com//Finding-Self-Self-love-Feelings-Collection/dp/B0882PX7NS/ref=sr_1_146?keywords=self+love&qid=1637153408&sr=8-146,https://m.media-amazon.com/images/I/5144H4SMLOL._AC_UL320_.jpg
What We Nurture Will GROW: Self Love Affirmation Journal and 2022 Planner: 12 Month Notebook & Guided Planner With Powerful Affirmations for Men & ... for All in Need of Organization and Self Love,$16.99,5.0 out of 5 stars,https://www.amazon.com//What-Nurture-Will-GROW-Affirmations/dp/B09KN7YX8G/ref=sr_1_147?keywords=self+love&qid=1637153408&sr=8-147,https://m.media-amazon.com/images/I/51PcI8eiHQL._AC_UL320_.jpg
The Power of Your Subconscious Mind,$1.99,4.6 out of 5 stars,https://www.amazon.com//Power-Your-Subconscious-Mind-ebook/dp/B0773RQ55P/ref=sr_1_148?keywords=self+love&qid=1637153408&sr=8-148,https://m.media-amazon.com/images/I/81QuI55xcdL._AC_UL320_.jpg
"Revolution of the Soul: Awaken to Love Through Raw Truth, Radical Healing, and Conscious Action",$13.99,4.7 out of 5 stars,https://www.amazon.com//Revolution-Soul-Through-Radical-Conscious/dp/1622039173/ref=sr_1_149?keywords=self+love&qid=1637153408&sr=8-149,https://m.media-amazon.com/images/I/91Wu6D8DMmL._AC_UL320_.jpg
The Lizard Who Loves a Blizzard,$13.99,5.0 out of 5 stars,https://www.amazon.com//Lizard-Who-Loves-Blizzard/dp/179237321X/ref=sr_1_150?keywords=self+love&qid=1637153408&sr=8-150,https://m.media-amazon.com/images/I/71+a4vIFLLL._AC_UL320_.jpg
"Girl Love Yourself First: A Self-Love Journal, 8.5 in X 11 in, 200 pages, Overcome Self-Doubt, Recognize Your Worth, Build Confidence and Learn How To Love Yourself For Who You Are",$15.55,,https://www.amazon.com//Girl-Love-Yourself-First-Self-Doubt/dp/B09LB2D1BF/ref=sr_1_151?keywords=self+love&qid=1637153408&sr=8-151,https://m.media-amazon.com/images/I/71YKn0nbQsL._AC_UL320_.jpg
Yoke: My Yoga of Self-Acceptance,$13.11,4.7 out of 5 stars,https://www.amazon.com//Yoke-Yoga-Self-Acceptance-Jessamyn-Stanley/dp/1523505214/ref=sr_1_152?keywords=self+love&qid=1637153408&sr=8-152,https://m.media-amazon.com/images/I/718Cudv8iFL._AC_UL320_.jpg
"Insecure in Love: How Anxious Attachment Can Make You Feel Jealous, Needy, and Worried and What You Can Do About It",$13.99,4.5 out of 5 stars,https://www.amazon.com//Insecure-Love-Anxious-Attachment-Jealous/dp/1608828158/ref=sr_1_153?keywords=self+love&qid=1637153408&sr=8-153,https://m.media-amazon.com/images/I/81e0VcB5p-S._AC_UL320_.jpg
"Fall in Love, Have Children, Stay Put, Save the Planet, Be Happy",$15.26,4.9 out of 5 stars,https://www.amazon.com//Fall-Love-Children-Planet-Happy/dp/0757324118/ref=sr_1_154?keywords=self+love&qid=1637153408&sr=8-154,https://m.media-amazon.com/images/I/71W-2C+rM8L._AC_UL320_.jpg
This Year I Will...: A 52-Week Guided Journal to Achieve Your Goals,$11.61,4.6 out of 5 stars,https://www.amazon.com//This-Year-Will-52-Week-Journal/dp/1641523670/ref=sr_1_156?keywords=self+love&qid=1637153408&sr=8-156,https://m.media-amazon.com/images/I/61pBRIfGFrL._AC_UL320_.jpg
"Journey to Self-Love A Guided Journal for Women: Mental Health (Daily Prompts for Self Reflection, Practicing Mindfulness & Positive Thinking, Calming ... Wellness Journal for Self Care and Self Help",$9.95,,https://www.amazon.com//Journey-Self-Love-Guided-Journal-Women/dp/B09GZHK8GC/ref=sr_1_157?keywords=self+love&qid=1637153408&sr=8-157,https://m.media-amazon.com/images/I/71mxEiWeb7L._AC_UL320_.jpg
"Self-Love Workbook Giant 30 Day Challenge for Women: Remove Self-Doubt, Build a Compassion-Mindset and Embrace-You, Self-Love Book, Fun Self-Love-Quiz ... with Color on Every Page 8.5 x 11 inches",$14.95,5.0 out of 5 stars,https://www.amazon.com//Self-Love-Workbook-Giant-Challenge-Women/dp/B09BGN8R4M/ref=sr_1_158?keywords=self+love&qid=1637153408&sr=8-158,https://m.media-amazon.com/images/I/61qXQtRPrfL._AC_UL320_.jpg
8 Lessons of Self-Love,$19.59,5.0 out of 5 stars,https://www.amazon.com//8-Lessons-Self-Love-Joshalyn-Stone/dp/1737123509/ref=sr_1_159?keywords=self+love&qid=1637153408&sr=8-159,https://m.media-amazon.com/images/I/61N5Uh-Q+jS._AC_UL320_.jpg
"The 21-Day Self-Love Workbook for Women: A Step-by-Step Guide to Becoming More Accepting, Kind and Compassionate with Yourself",$0.00,,https://www.amazon.com//21-Day-Self-Love-Workbook-Women-Step/dp/B08XWFBXMY/ref=sr_1_160?keywords=self+love&qid=1637153408&sr=8-160,https://m.media-amazon.com/images/I/81fIcPfnbFL._AC_UL320_.jpg
"What Happened to You?: Conversations on Trauma, Resilience, and Healing",$0.00,4.7 out of 5 stars,https://www.amazon.com//What-Happened-You-Conversations-Resilience/dp/B08PW4Q284/ref=sr_1_161?keywords=self+love&qid=1637153408&sr=8-161,https://m.media-amazon.com/images/I/71SA93Fr4vL._AC_UL320_.jpg
Dear Self,$14.99,4.8 out of 5 stars,https://www.amazon.com//Dear-Self-This-Being-There/dp/1916366619/ref=sr_1_162?keywords=self+love&qid=1637153408&sr=8-162,https://m.media-amazon.com/images/I/414aYIa55JS._AC_UL320_.jpg
My Year of Self-Love and Sh*t: a self-care 52-week planner with affirmation and gratitude sheets,$14.99,,https://www.amazon.com//Year-Self-Love-self-care-affirmation-gratitude/dp/B09B2PV1G5/ref=sr_1_163?keywords=self+love&qid=1637153408&sr=8-163,https://m.media-amazon.com/images/I/7172a81qgEL._AC_UL320_.jpg
Love Is Not Enough,$0.00,4.2 out of 5 stars,https://www.amazon.com//Love-Is-Not-Enough/dp/B084P18168/ref=sr_1_164?keywords=self+love&qid=1637153408&sr=8-164,https://m.media-amazon.com/images/I/81jyI+c6VzL._AC_UL320_.jpg
"Mental Health Journal for Men: Creative Prompts, Practices, and Exercises to Bolster Wellness",$13.49,4.6 out of 5 stars,https://www.amazon.com//Mental-Health-Journal-Men-Practices/dp/1647396255/ref=sr_1_165?keywords=self+love&qid=1637153408&sr=8-165,https://m.media-amazon.com/images/I/81U2Zks0tWL._AC_UL320_.jpg
"Men Don't Love Women Like You!: The Brutal Truth About Dating, Relationships, and How to Go from Placeholder to Game Changer",$0.00,4.5 out of 5 stars,https://www.amazon.com//Men-Dont-Love-Women-Like-You-audiobook/dp/B01ITS1Y18/ref=sr_1_167?keywords=self+love&qid=1637153408&sr=8-167,https://m.media-amazon.com/images/I/91oJgEl9WWL._AC_UL320_.jpg
Divining the Self: A Study in Yoruba Myth and Human Consciousness (Signifying (on) Scriptures),$24.95,4.6 out of 5 stars,https://www.amazon.com//Divining-Self-Consciousness-Signifying-Scriptures/dp/0271054069/ref=sr_1_168?keywords=self+love&qid=1637153408&sr=8-168,https://m.media-amazon.com/images/I/91HaY+V+mcL._AC_UL320_.jpg
Spiritual Self Care for Black Women: A Spiritual Journal for Self-Discovery. 12 Month Notebook & Guided Planner with Prompts & Self Reflection Activities,$9.99,4.6 out of 5 stars,https://www.amazon.com//Spiritual-Self-Care-Black-Women/dp/B08TQ4T6ZF/ref=sr_1_169?keywords=self+love&qid=1637153408&sr=8-169,https://m.media-amazon.com/images/I/51ZAfvRl4LL._AC_UL320_.jpg
"1000+1 Positive Affirmations and Hypnosis for Black Women to Increase Mental Health, Confidence and Self Love: Raise Your Rate of Success, Motivation, Self Esteem, Health and Live an Abundant Life",$0.00,4.9 out of 5 stars,https://www.amazon.com//Positive-Affirmations-Hypnosis-Increase-Confidence-ebook/dp/B09L7QSS4Q/ref=sr_1_170?keywords=self+love&qid=1637153408&sr=8-170,https://m.media-amazon.com/images/I/812AKu8uChL._AC_UL320_.jpg
"I Love You, Call Me Back: Poems",$12.69,4.6 out of 5 stars,https://www.amazon.com//Love-You-Call-Me-Back/dp/0593185870/ref=sr_1_171?keywords=self+love&qid=1637153408&sr=8-171,https://m.media-amazon.com/images/I/71QBY+QDPIL._AC_UL320_.jpg
Radical Compassion: Learning to Love Yourself and Your World with the Practice of RAIN,$16.20,4.7 out of 5 stars,https://www.amazon.com//Radical-Compassion-Learning-Yourself-Practice/dp/0525522832/ref=sr_1_172?keywords=self+love&qid=1637153408&sr=8-172,https://m.media-amazon.com/images/I/8190H+5SbuL._AC_UL320_.jpg
"She Found Peace Wellness and Self Love Journal: Healing, Stress Relief, and Self Care Journal for Mindfulness",$6.99,5.0 out of 5 stars,https://www.amazon.com//Found-Peace-Wellness-Self-Journal/dp/B09K21SR4B/ref=sr_1_174?keywords=self+love&qid=1637153408&sr=8-174,https://m.media-amazon.com/images/I/51YkIYSyGPL._AC_UL320_.jpg
"Self-Love Coloring Workbook for Women: The 30 Days Challenge to Build Self-Compassion, Release Self-Doubt and Feel Better About Life (Self-Help Coloring Books)",$7.99,5.0 out of 5 stars,https://www.amazon.com//Self-Love-Coloring-Workbook-Women-Self-Compassion/dp/1801011087/ref=sr_1_175?keywords=self+love&qid=1637153408&sr=8-175,https://m.media-amazon.com/images/I/61plQjuIx8L._AC_UL320_.jpg
"God's Big Creation: Inspirational Book That Teaches Children Self Love, Compassion, and Acceptance, Perfect Gift for Birthday's, Holiday's & More",$0.00,5.0 out of 5 stars,https://www.amazon.com//Gods-Big-Creation-Inspirational-Compassion-ebook/dp/B09KNV56YC/ref=sr_1_176?keywords=self+love&qid=1637153408&sr=8-176,https://m.media-amazon.com/images/I/81bxBlKL94L._AC_UL320_.jpg
Negative Self-Talk and How to Change It,$3.99,4.5 out of 5 stars,https://www.amazon.com//Negative-Self-Talk-Change-Helmstetter-Ph-D/dp/099708619X/ref=sr_1_177?keywords=self+love&qid=1637153408&sr=8-177,https://m.media-amazon.com/images/I/51ViZhrKJTL._AC_UL320_.jpg
"Healthy Relationships: Overcome Anxiety, Couple Conflicts, Insecurity and Depression without therapy. Stop Jealousy and Negative Thinking. Learn how to have a Happy Relationship with anyone.",$19.97,4.4 out of 5 stars,https://www.amazon.com//Healthy-Relationships-Insecurity-Depression-Relationship/dp/B08DBZDD6F/ref=sr_1_179?keywords=self+love&qid=1637153408&sr=8-179,https://m.media-amazon.com/images/I/51RX6V1thFL._AC_UL320_.jpg
"Manifestation Journal for Black Women: Law of Attraction Techniques, Exercises and Tools for Creating Wealth, Abundance, Success, Happiness and Joy | ... Self-Love & Spirituality for Black Women)",$19.99,4.8 out of 5 stars,https://www.amazon.com//Manifestation-Journal-Black-Women-Attraction/dp/B08YQR676T/ref=sr_1_181?keywords=self+love&qid=1637153408&sr=8-181,https://m.media-amazon.com/images/I/51yrk1BXqZL._AC_UL320_.jpg
Over the Top: A Raw Journey to Self-Love,$0.00,4.8 out of 5 stars,https://www.amazon.com//Over-Top-Jonathan-Van-Ness-audiobook/dp/B07Q386LM5/ref=sr_1_182?keywords=self+love&qid=1637153408&sr=8-182,https://m.media-amazon.com/images/I/81imPNGriaL._AC_UL320_.jpg
"Feeding the Soul (Because It's My Business): Finding Our Way to Joy, Love, and Freedom",$16.79,4.9 out of 5 stars,https://www.amazon.com//Feeding-Soul-Because-Its-Business/dp/0063080281/ref=sr_1_183?keywords=self+love&qid=1637153408&sr=8-183,https://m.media-amazon.com/images/I/81X3XjKb3KL._AC_UL320_.jpg
"Self-Love: 100+ Quotes, Reflections, and Activities to Help You Uncover and Strengthen Your Self-Love",$0.00,4.5 out of 5 stars,https://www.amazon.com//Self-Love-Reflections-Activities-Uncover-Strengthen/dp/B08FRR2ZSY/ref=sr_1_184?keywords=self+love&qid=1637153408&sr=8-184,https://m.media-amazon.com/images/I/81HWEeIdT8L._AC_UL320_.jpg
"Winning the War in Your Mind: Change Your Thinking, Change Your Life",$18.89,4.8 out of 5 stars,https://www.amazon.com//Winning-War-Your-Mind-Thinking/dp/0310362725/ref=sr_1_186?keywords=self+love&qid=1637153408&sr=8-186,https://m.media-amazon.com/images/I/71TF1AufeTL._AC_UL320_.jpg
"Black Women Need Love Too: Relationships, Self Love and Community",$16.99,5.0 out of 5 stars,https://www.amazon.com//Black-Women-Need-Love-Relationships/dp/0578750732/ref=sr_1_187?keywords=self+love&qid=1637153408&sr=8-187,https://m.media-amazon.com/images/I/61vGXVIlpgL._AC_UL320_.jpg
Be Mindful of Monsters: An E-Book for Helping Children Accept Their Emotions,$0.00,4.7 out of 5 stars,https://www.amazon.com//Be-Mindful-Monsters-Book-Children-ebook/dp/B08S7DK796/ref=sr_1_188?keywords=self+love&qid=1637153408&sr=8-188,https://m.media-amazon.com/images/I/71qoUOyzM5L._AC_UL320_.jpg
Manifestation Journal for Black Women: The Ultimate Manifestation Journal for Black Women | Daily Affirmations for Black Women | Self-Love Workbook ... | A Journey of Self Help | Soul Healing .,$6.99,,https://www.amazon.com//Manifestation-Journal-Black-Women-Affirmations/dp/B09KF9X2QF/ref=sr_1_190?keywords=self+love&qid=1637153408&sr=8-190,https://m.media-amazon.com/images/I/5172c1A3tPL._AC_UL320_.jpg
Lemons on Friday: Trusting God Through My Greatest Heartbreak,$17.99,4.0 out of 5 stars,https://www.amazon.com//Lemons-Friday-Trusting-Greatest-Heartbreak/dp/0785241272/ref=sr_1_191?keywords=self+love&qid=1637153408&sr=8-191,https://m.media-amazon.com/images/I/81Jyt6j00iL._AC_UL320_.jpg
God Is Love - 2022 Daily Planner,$10.95,,https://www.amazon.com//God-Love-2022-Daily-Planner/dp/B09LGQSJSR/ref=sr_1_192?keywords=self+love&qid=1637153408&sr=8-192,https://m.media-amazon.com/images/I/61VU7QfZt9L._AC_UL320_.jpg
"Learn to Love Yourself Again: A Step-by-Step Guide to Conquer Self-Hatred, Ditch Self-Loathing, & Cultivate Self-Compassion (Mental & Emotional Wellness)",$10.96,4.4 out of 5 stars,https://www.amazon.com//Learn-Yourself-Again-Step-Step/dp/B08JF2DH3S/ref=sr_1_193?keywords=self+love&qid=1637153411&sr=8-193,https://m.media-amazon.com/images/I/61b7+LIdF0S._AC_UL320_.jpg
A Year of Self-Care Journal: 52 Weeks to Cultivate Positivity & Joy (A Year of Daily Reflections Journal),$13.49,4.7 out of 5 stars,https://www.amazon.com//Year-Self-Care-Journal-Positivity-Reflections/dp/1648764215/ref=sr_1_194?keywords=self+love&qid=1637153411&sr=8-194,https://m.media-amazon.com/images/I/61GR+ayJ5fS._AC_UL320_.jpg
Grieving the Loss of Someone You Love: Daily Meditations to Help You Through the Grieving Process,$10.99,4.7 out of 5 stars,https://www.amazon.com//Grieving-Loss-Someone-You-Love/dp/0800725506/ref=sr_1_195?keywords=self+love&qid=1637153411&sr=8-195,https://m.media-amazon.com/images/I/51xYuXkkj-L._AC_UL320_.jpg
Things To Know About Self-Love: 30 Day Affirmation Guide,$8.99,4.6 out of 5 stars,https://www.amazon.com//Things-Know-About-Self-Love-Affirmation/dp/1095899481/ref=sr_1_196?keywords=self+love&qid=1637153411&sr=8-196,https://m.media-amazon.com/images/I/61jyoJG-PFL._AC_UL320_.jpg
How to Self-Love Yourself,$0.00,3.6 out of 5 stars,https://www.amazon.com//How-Self-Love-Yourself-Martha-Taylor-ebook/dp/B09L1M9HM7/ref=sr_1_197?keywords=self+love&qid=1637153411&sr=8-197,https://m.media-amazon.com/images/I/51qNTolzMcL._AC_UL320_.jpg
The Path to Self-Love and World Domination: Break Free from Self-Limiting Beliefs and Embrace Your Power,$10.99,4.8 out of 5 stars,https://www.amazon.com//Path-Self-Love-World-Domination-Self-Limiting-ebook/dp/B084G9PBBH/ref=sr_1_198?keywords=self+love&qid=1637153411&sr=8-198,https://m.media-amazon.com/images/I/71SXnX8AumL._AC_UL320_.jpg
"Cognitive Behavioral Therapy, Emotional Intelligence, Buddhism, Empath, Self-Esteem & Discipline: Overcome Anxiety & Depression, Program Your Self-image for High Self-Love, Compassion and Success",$24.34,5.0 out of 5 stars,https://www.amazon.com//Cognitive-Behavioral-Intelligence-Self-Esteem-Discipline/dp/1953693636/ref=sr_1_199?keywords=self+love&qid=1637153411&sr=8-199,https://m.media-amazon.com/images/I/71zexEf9sLL._AC_UL320_.jpg
Self Talk Love for Sensitives: Ease Anxiety and Awaken to the Gifts of Being a Highly Sensitive Woman,$9.79,4.5 out of 5 stars,https://www.amazon.com//Self-Talk-Love-Sensitives-Sensitive/dp/1775114139/ref=sr_1_200?keywords=self+love&qid=1637153411&sr=8-200,https://m.media-amazon.com/images/I/61nF+i77Q2L._AC_UL320_.jpg
More Than A Mom: Finding Purpose In the Everyday Monotony Without Losing Yourself Or Your Sanity,$15.99,4.5 out of 5 stars,https://www.amazon.com//More-Than-Mom-Everyday-Monotony/dp/B08F7YGNZ5/ref=sr_1_201?keywords=self+love&qid=1637153411&sr=8-201,https://m.media-amazon.com/images/I/61E5PHrcFPL._AC_UL320_.jpg
See No Stranger: A Memoir and Manifesto of Revolutionary Love,$12.99,4.8 out of 5 stars,https://www.amazon.com//See-No-Stranger-Manifesto-Revolutionary-ebook/dp/B07YK1T4FN/ref=sr_1_202?keywords=self+love&qid=1637153411&sr=8-202,https://m.media-amazon.com/images/I/91ckJGb6cqL._AC_UL320_.jpg
"Chasing Perfection: A Journey to Healing, Fitness, and Self-Love",$4.99,4.7 out of 5 stars,https://www.amazon.com//Chasing-Perfection-Journey-Healing-Self-Love-ebook/dp/B089LGCS3X/ref=sr_1_203?keywords=self+love&qid=1637153411&sr=8-203,https://m.media-amazon.com/images/I/81BzB7UYUWL._AC_UL320_.jpg
"Love After 50: How to Find It, Enjoy It, and Keep It",$20.88,4.3 out of 5 stars,https://www.amazon.com//Love-After-50-Find-Enjoy/dp/1982108541/ref=sr_1_205?keywords=self+love&qid=1637153411&sr=8-205,https://m.media-amazon.com/images/I/61x+KFJSc+S._AC_UL320_.jpg
Atlas of the Heart: Mapping Meaningful Connection and the Language of Human Experience,$19.80,,https://www.amazon.com//Atlas-Heart-Meaningful-Connection-Experience/dp/0399592555/ref=sr_1_206?keywords=self+love&qid=1637153411&sr=8-206,https://m.media-amazon.com/images/I/510NuU01osL._AC_UL320_.jpg
Fierce Love: A Bold Path to Ferocious Courage and Rule-Breaking Kindness That Can Heal the World,$22.99,4.7 out of 5 stars,https://www.amazon.com//Fierce-Love-Ferocious-Rule-Breaking-Kindness/dp/0593233867/ref=sr_1_207?keywords=self+love&qid=1637153411&sr=8-207,https://m.media-amazon.com/images/I/81f+VSo4szS._AC_UL320_.jpg
breathe.: a guided healing journal for black men,$13.49,4.8 out of 5 stars,https://www.amazon.com//breathe-guided-healing-journal-black/dp/0578739356/ref=sr_1_208?keywords=self+love&qid=1637153411&sr=8-208,https://m.media-amazon.com/images/I/51aiBgrMmQL._AC_UL320_.jpg
"The Everyday Girls Guide to Living in Truth, Self-Love, and Acceptance",$18.24,5.0 out of 5 stars,https://www.amazon.com//Everyday-Girls-Living-Self-Love-Acceptance/dp/1982284412/ref=sr_1_209?keywords=self+love&qid=1637153411&sr=8-209,https://m.media-amazon.com/images/I/519-120VsRL._AC_UL320_.jpg
Self-Care Wisdom Cards: A 52-Card Deck,$19.49,4.7 out of 5 stars,https://www.amazon.com//Self-Care-Wisdom-Cards-52-Card-Deck/dp/1401962386/ref=sr_1_210?keywords=self+love&qid=1637153411&sr=8-210,https://m.media-amazon.com/images/I/71YK+9w6zdL._AC_UL320_.jpg
"Keep Showing Up: A Memoir and Powerful Guidebook for Empaths to Embody Self-Love, Self-Empowerment, and Self-Worth",$15.95,4.9 out of 5 stars,https://www.amazon.com//Keep-Showing-Guidebook-Self-Empowerment-Self-Worth/dp/1735306002/ref=sr_1_211?keywords=self+love&qid=1637153411&sr=8-211,https://m.media-amazon.com/images/I/61sYED6V7DL._AC_UL320_.jpg
It's Me: Self Love,$14.99,5.0 out of 5 stars,https://www.amazon.com//Its-Me-Self-Kimberley-Palmer/dp/B09CRTSQY8/ref=sr_1_212?keywords=self+love&qid=1637153411&sr=8-212,https://m.media-amazon.com/images/I/614JoO75t4L._AC_UL320_.jpg
Luna Finds Love Everywhere: A Self-Love Book for Kids,$14.58,5.0 out of 5 stars,https://www.amazon.com//Luna-Finds-Love-Everywhere-Self-Love/dp/1646041925/ref=sr_1_213?keywords=self+love&qid=1637153411&sr=8-213,https://m.media-amazon.com/images/I/61cV87QBW1S._AC_UL320_.jpg
"30 Steps to Self Love: Journal Prompts, Activities, and Coloring through the lens of a conversation with close friends to aid in discovering Self Love (30 Steps Journal Series)",$11.11,5.0 out of 5 stars,https://www.amazon.com//Steps-Self-Love-conversation-discovering/dp/B08XLCBG7F/ref=sr_1_214?keywords=self+love&qid=1637153411&sr=8-214,https://m.media-amazon.com/images/I/61vvmbN8a3L._AC_UL320_.jpg
you are enough: a tale of healing and self-love,$9.00,4.5 out of 5 stars,https://www.amazon.com//you-are-enough-healing-self-love/dp/1097626121/ref=sr_1_215?keywords=self+love&qid=1637153411&sr=8-215,https://m.media-amazon.com/images/I/61kcjnUM33L._AC_UL320_.jpg
The 5 Commandments of Self-Love: A Journey of Honoring and Accepting Yourself,$15.07,5.0 out of 5 stars,https://www.amazon.com//Commandments-Self-Love-Honoring-Accepting-Yourself-ebook/dp/B082J6HGSF/ref=sr_1_216?keywords=self+love&qid=1637153411&sr=8-216,https://m.media-amazon.com/images/I/81jfrVyf8dL._AC_UL320_.jpg
Black Girls Love Themselves: A Self-Love Journal with Prompts,$9.99,,https://www.amazon.com//Black-Girls-Love-Themselves-Self-Love/dp/B09FS598VS/ref=sr_1_217?keywords=self+love&qid=1637153411&sr=8-217,https://m.media-amazon.com/images/I/61zGLgrKDGL._AC_UL320_.jpg
The Positive Thinking Workbook: Quiet Your Inner Critic and Build a Strong Foundation for a Positive Mindset (Workbook Series),$15.70,4.7 out of 5 stars,https://www.amazon.com//Positive-Thinking-Workbook-Foundation-Mindset/dp/164876827X/ref=sr_1_218?keywords=self+love&qid=1637153411&sr=8-218,https://m.media-amazon.com/images/I/81vE+4OGyjL._AC_UL320_.jpg
"Affirmation Cards for Women: Beautifully Illustrated Inspirational Cards with Positive Affirmations to Help with Gratitude, Mindfulness, Daily Encouragement and Self Care",$12.74,4.7 out of 5 stars,https://www.amazon.com//Affirmation-Cards-Women-Inspirational-Encouragement/dp/1952842174/ref=sr_1_219?keywords=self+love&qid=1637153411&sr=8-219,https://m.media-amazon.com/images/I/81M9jBrFdKL._AC_UL320_.jpg
Feel Your Way Through: A Book of Poetry (Ballantine Books),$17.50,3.5 out of 5 stars,https://www.amazon.com//Feel-Your-Way-Through-Ballantine/dp/0593497082/ref=sr_1_220?keywords=self+love&qid=1637153411&sr=8-220,https://m.media-amazon.com/images/I/81p8weqJOJL._AC_UL320_.jpg
In Love with Me: The 10 Steps to Self-Love and Relationship Success,$0.00,4.4 out of 5 stars,https://www.amazon.com//In-Love-with-Me-audiobook/dp/B07HS45QMN/ref=sr_1_221?keywords=self+love&qid=1637153411&sr=8-221,https://m.media-amazon.com/images/I/91ir8jZIIOL._AC_UL320_.jpg
"Purposeful Perspectives: Empowering Black Women Towards Spiritual Alignment, Self-Mastery & Joy",$14.55,4.8 out of 5 stars,https://www.amazon.com//Purposeful-Perspectives-Empowering-Spiritual-Self-Mastery/dp/1736025805/ref=sr_1_222?keywords=self+love&qid=1637153411&sr=8-222,https://m.media-amazon.com/images/I/61v4k08SE1L._AC_UL320_.jpg
"Self to Lose, Self to Find: Using the Enneagram to Uncover Your True, God-Gifted Self",$14.44,4.6 out of 5 stars,https://www.amazon.com//Self-Lose-Find-Enneagram-God-Gifted/dp/0593236823/ref=sr_1_223?keywords=self+love&qid=1637153411&sr=8-223,https://m.media-amazon.com/images/I/814z1uFzzyL._AC_UL320_.jpg
I Am The Love Of My Life: Unbroken,$16.00,4.6 out of 5 stars,https://www.amazon.com//Am-Love-My-Life-Unbroken/dp/1512356573/ref=sr_1_224?keywords=self+love&qid=1637153411&sr=8-224,https://m.media-amazon.com/images/I/51cTYmr4HYL._AC_UL320_.jpg
Secrets to a Life you Love: Happy & Healthy with Self-Care: 101 Habits to Unlock your Happiest Self.,$0.00,5.0 out of 5 stars,https://www.amazon.com//Secrets-Life-you-Love-Self-Care-ebook/dp/B09JKSL9WC/ref=sr_1_225?keywords=self+love&qid=1637153411&sr=8-225,https://m.media-amazon.com/images/I/71o5m0r2hkL._AC_UL320_.jpg
The Light and Love Within: Finding Clarity In You,$11.99,,https://www.amazon.com//Light-Love-Within-Finding-Clarity/dp/B09L32832P/ref=sr_1_226?keywords=self+love&qid=1637153411&sr=8-226,https://m.media-amazon.com/images/I/51afxYIB9cL._AC_UL320_.jpg
"If God is Love, Don't Be a Jerk",$14.49,5.0 out of 5 stars,https://www.amazon.com//If-God-Love-Dont-Jerk/dp/0664266843/ref=sr_1_227?keywords=self+love&qid=1637153411&sr=8-227,https://m.media-amazon.com/images/I/61kDmP3KCFL._AC_UL320_.jpg
Love Yourself - A Guide To Self-Love: This Workbook Will Help You to Start Accepting Yourself and Improve Your Self-Esteem,$0.00,,https://www.amazon.com//Love-Yourself-Self-Love-Accepting-Self-Esteem-ebook/dp/B09JT3S2WL/ref=sr_1_228?keywords=self+love&qid=1637153411&sr=8-228,https://m.media-amazon.com/images/I/6145mabBXqL._AC_UL320_.jpg
When a Thunderstorm Comes: Forget about self-doubt and overthinking.Self-love and self-help is what this book is about.,$0.00,5.0 out of 5 stars,https://www.amazon.com//When-Thunderstorm-Comes-self-doubt-overthinking-Self-love-ebook/dp/B09GQZD7CV/ref=sr_1_229?keywords=self+love&qid=1637153411&sr=8-229,https://m.media-amazon.com/images/I/71oA0-ExQGL._AC_UL320_.jpg
Affirmations for Self-Love and Healing: For the Aching Heart and Anxious Mind,$8.77,4.8 out of 5 stars,https://www.amazon.com//Affirmations-Self-Love-Healing-Aching-Anxious/dp/B08M88KPG1/ref=sr_1_230?keywords=self+love&qid=1637153411&sr=8-230,https://m.media-amazon.com/images/I/614zUTjF54L._AC_UL320_.jpg
Prophecy of Love,$0.00,5.0 out of 5 stars,https://www.amazon.com//Prophecy-Love-T-Satterfield-ebook/dp/B09FZP85TC/ref=sr_1_231?keywords=self+love&qid=1637153411&sr=8-231,https://m.media-amazon.com/images/I/81JSv+jZPPL._AC_UL320_.jpg
Self-Love Journal: A journey to inner peace and happiness,$18.47,5.0 out of 5 stars,https://www.amazon.com//Self-Love-Journal-journey-inner-happiness/dp/1925924459/ref=sr_1_232?keywords=self+love&qid=1637153411&sr=8-232,https://m.media-amazon.com/images/I/91QAmZPNg4L._AC_UL320_.jpg
Self Love: A Self Esteem Journal,$8.99,5.0 out of 5 stars,https://www.amazon.com//Self-Love-Esteem-Journal/dp/B099FCG235/ref=sr_1_234?keywords=self+love&qid=1637153411&sr=8-234,https://m.media-amazon.com/images/I/51OQGjlPggS._AC_UL320_.jpg
DARK PSYCHOLOGY and MANIPULATION: Discover Mental Persuasion Techniques For A Better Life. How To Analyze People & Control Anyone Through The Secrets Of NLP And The Art Of Emotional Influence,$16.98,4.9 out of 5 stars,https://www.amazon.com//DARK-PSYCHOLOGY-MANIPULATION-Persuasion-Techniques/dp/B09HJGH9JF/ref=sr_1_235?keywords=self+love&qid=1637153411&sr=8-235,https://m.media-amazon.com/images/I/611ww26OzgL._AC_UL320_.jpg
A Needle in a Haystack: How to Find Love in the Rubble,$16.00,4.8 out of 5 stars,https://www.amazon.com//Needle-Haystack-Find-Love-Rubble/dp/1954614721/ref=sr_1_237?keywords=self+love&qid=1637153411&sr=8-237,https://m.media-amazon.com/images/I/610msVy13CL._AC_UL320_.jpg
Glitter Every Day: 365 Quotes from Women I Love,$15.58,4.4 out of 5 stars,https://www.amazon.com//Glitter-Every-Day-Quotes-Women/dp/125083239X/ref=sr_1_238?keywords=self+love&qid=1637153411&sr=8-238,https://m.media-amazon.com/images/I/91RDZzeAlSL._AC_UL320_.jpg
"Self-Love Workbook for Black Women: An Unconventional Self-Love Guide Designed for Black Women to Find Inner Strength, Discover One's Profound Nature, and Improve Life Without Feeling Alone",$13.52,4.5 out of 5 stars,https://www.amazon.com//Self-Love-Workbook-Black-Women-Unconventional/dp/B0954JTNP8/ref=sr_1_239?keywords=self+love&qid=1637153411&sr=8-239,https://m.media-amazon.com/images/I/71Mq6X0tkZS._AC_UL320_.jpg
"Be True To Yourself: Daily Affirmations and Awesome Advice for Teen Girls (Gifts for Teen Girls, Teen and Young Adult Maturing and Bullying Issues)",$14.40,4.8 out of 5 stars,https://www.amazon.com//Be-True-Yourself-Affirmations-Awesome/dp/1642504513/ref=sr_1_240?keywords=self+love&qid=1637153411&sr=8-240,https://m.media-amazon.com/images/I/71P09d4K0sL._AC_UL320_.jpg
"Daily Rituals: Positive Affirmations to Attract Love, Happiness and Peace",$6.99,4.7 out of 5 stars,https://www.amazon.com//Daily-Rituals-Positive-Affirmations-Happiness/dp/0995411980/ref=sr_1_242?keywords=self+love&qid=1637153415&sr=8-242,https://m.media-amazon.com/images/I/61MTALWvKAL._AC_UL320_.jpg
The Healing Power of Self-Love: A Spiritual Guidebook: Five Grounding Tools For Your Daily Practice (Self-Love Healing),$14.99,4.5 out of 5 stars,https://www.amazon.com//Healing-Power-Self-Love-Spiritual-Guidebook/dp/B099HJ4KV1/ref=sr_1_243?keywords=self+love&qid=1637153415&sr=8-243,https://m.media-amazon.com/images/I/61qvG6VFj0L._AC_UL320_.jpg
"Finding My Way Back: Poems on Coming Alive, Healing and Self-Discovery",$9.99,5.0 out of 5 stars,https://www.amazon.com//Finding-My-Way-Back-Self-Discovery/dp/B08GV9NKD6/ref=sr_1_244?keywords=self+love&qid=1637153415&sr=8-244,https://m.media-amazon.com/images/I/41ZSkECxWML._AC_UL320_.jpg
"Feelings First Shadow Work: A Simple Approach to Self Love and Emotional Mastery (With Journal Prompts) (Self Love and Shadow Work - From Awakening to Ascended - Emotional Mastery, Book 1)",$0.00,4.5 out of 5 stars,https://www.amazon.com//Feelings-First-Shadow-Work-Emotional/dp/B095ZZ81SZ/ref=sr_1_245?keywords=self+love&qid=1637153415&sr=8-245,https://m.media-amazon.com/images/I/81GlcjhhlcS._AC_UL320_.jpg
Self-Love Manual: Discover Your Spiritual Gifts To Achieve Financial Success,$15.97,5.0 out of 5 stars,https://www.amazon.com//Self-Love-Manual-Discover-Spiritual-Financial/dp/B088VXM3SY/ref=sr_1_246?keywords=self+love&qid=1637153415&sr=8-246,https://m.media-amazon.com/images/I/61ZNYuAlXfL._AC_UL320_.jpg
"I Discovered Me: A Guided Self Care Journal for Black Women Seeking Mental Health Restoration, Soul Stirring Self Exploration, & Deep Personal Reflection",$11.99,4.5 out of 5 stars,https://www.amazon.com//Discovered-Me-Restoration-Exploration-Reflection/dp/B08GFSK2N1/ref=sr_1_247?keywords=self+love&qid=1637153415&sr=8-247,https://m.media-amazon.com/images/I/71FPM1mnosS._AC_UL320_.jpg
Understanding and Overcoming The Black Pill,$5.99,5.0 out of 5 stars,https://www.amazon.com//Understanding-Overcoming-Black-Martin-Goldberg-ebook/dp/B09LRVPQGF/ref=sr_1_248?keywords=self+love&qid=1637153415&sr=8-248,https://m.media-amazon.com/images/I/71PUGzJt4bL._AC_UL320_.jpg
The Self Confidence Workbook: A Guide to Overcoming Self-Doubt and Improving Self-Esteem,$13.26,4.6 out of 5 stars,https://www.amazon.com//Self-Confidence-Workbook-Overcoming-Self-Esteem/dp/1641521481/ref=sr_1_249?keywords=self+love&qid=1637153415&sr=8-249,https://m.media-amazon.com/images/I/718u0ciKUIL._AC_UL320_.jpg
"Happy Mindset Little Journal: Kids Interactive Journal Prompts and Daily Activities to Help Children Develop a Growth Mindset. Colorful, Self-Learning and Fun! (Ages 6-12)",$12.95,4.7 out of 5 stars,https://www.amazon.com//Happy-Mindset-Little-Journal-Self-Learning/dp/0578781379/ref=sr_1_251?keywords=self+love&qid=1637153415&sr=8-251,https://m.media-amazon.com/images/I/41lE1rjJdgL._AC_UL320_.jpg
"Guided Meditations for Deep Sleep, Self-Love & Overthinking: 10 Hours of Mindfulness Scripts, Positive Affirmations & Hypnosis for Anxiety, Deep Sleep, Healing & Relaxation",$0.00,,https://www.amazon.com//Guided-Meditations-Sleep-Self-Love-Overthinking/dp/B09GD6W5HM/ref=sr_1_252?keywords=self+love&qid=1637153415&sr=8-252,https://m.media-amazon.com/images/I/81rcHklPikL._AC_UL320_.jpg
"Positive Affirmations for Black Women to Increase Confidence and Self-Love: Written for BIPOC Women with a Focus on Motivation, Leadership, Healing, Growth, Health, Money, and Success",$0.00,4.6 out of 5 stars,https://www.amazon.com//Positive-Affirmations-Increase-Confidence-Self-Love/dp/B095WZWY8X/ref=sr_1_253?keywords=self+love&qid=1637153415&sr=8-253,https://m.media-amazon.com/images/I/71s+s2AkDGS._AC_UL320_.jpg
Life Force: How New Breakthroughs in Precision Medicine Can Transform the Quality of Your Life & Those You Love,$22.99,,https://www.amazon.com//Life-Force-Breakthroughs-Precision-Transform/dp/198212170X/ref=sr_1_254?keywords=self+love&qid=1637153415&sr=8-254,https://m.media-amazon.com/images/I/81CuNAAZXUL._AC_UL320_.jpg
Self-Love Healing Journal: Journal Your Way Into Healing,$17.99,4.8 out of 5 stars,https://www.amazon.com//Self-Love-Healing-Journal-Your-Into/dp/1095721828/ref=sr_1_255?keywords=self+love&qid=1637153415&sr=8-255,https://m.media-amazon.com/images/I/615x0HVu1AL._AC_UL320_.jpg
"Love Money, Money Loves You",$0.00,4.8 out of 5 stars,https://www.amazon.com//Love-Money-Money-Loves-You-audiobook/dp/B07GFSF4H7/ref=sr_1_257?keywords=self+love&qid=1637153415&sr=8-257,https://m.media-amazon.com/images/I/91rqSgAaGfL._AC_UL320_.jpg
"Eat to Love: A Mindful Guide to Transforming Your Relationship with Food, Body, and Life",$16.95,4.4 out of 5 stars,https://www.amazon.com//Eat-Love-Mindful-Transforming-Relationship/dp/173227763X/ref=sr_1_258?keywords=self+love&qid=1637153415&sr=8-258,https://m.media-amazon.com/images/I/61TJIylsAvL._AC_UL320_.jpg
"Mental Health Workbook: 6 Books in 1: The Attachment Theory, Abandonment Anxiety, Depression in Relationships, Addiction Recovery, Complex PTSD, Trauma, CBT Therapy, EMDR and Somatic Psychotherapy",$0.00,4.3 out of 5 stars,https://www.amazon.com//Mental-Health-Workbook-Relationships-Psychotherapy/dp/B089GCKSFD/ref=sr_1_259?keywords=self+love&qid=1637153415&sr=8-259,https://m.media-amazon.com/images/I/71MNyc7xq7L._AC_UL320_.jpg
Flourish: How the Love of Christ Frees Us from Self-Focus,$15.00,4.6 out of 5 stars,https://www.amazon.com//Flourish-Love-Christ-Frees-Self-Focus/dp/1433560658/ref=sr_1_260?keywords=self+love&qid=1637153415&sr=8-260,https://m.media-amazon.com/images/I/713DhU6r0ML._AC_UL320_.jpg
"Dear Self, I Love You: Inspirational Coloring Book for Self Discovery, Mindful Gratitude, and Enduring Courage | 52 Weeks Guided Prompts",$7.95,4.6 out of 5 stars,https://www.amazon.com//Dear-Self-Love-You-Inspirational/dp/B089249T6T/ref=sr_1_261?keywords=self+love&qid=1637153415&sr=8-261,https://m.media-amazon.com/images/I/61isHZCejgS._AC_UL320_.jpg
"Guide To Thrive Journal: Your 90 Day Guide To Gratitude, Productivity and Growth.",$12.99,4.9 out of 5 stars,https://www.amazon.com//Guide-Thrive-Journal-Gratitude-Productivity/dp/B094988Y9L/ref=sr_1_262?keywords=self+love&qid=1637153415&sr=8-262,https://m.media-amazon.com/images/I/71ituel7d-S._AC_UL320_.jpg
I Am Love: A Book of Compassion (I Am Books),$8.76,4.9 out of 5 stars,https://www.amazon.com//I-Am-Love-Book-Compassion/dp/1419737260/ref=sr_1_264?keywords=self+love&qid=1637153415&sr=8-264,https://m.media-amazon.com/images/I/81HhIOUIg+L._AC_UL320_.jpg
Leap into Love: Living Present to my Purpose on the Planet,$14.99,4.8 out of 5 stars,https://www.amazon.com//Leap-into-Love-Present-Purpose/dp/1733546901/ref=sr_1_266?keywords=self+love&qid=1637153415&sr=8-266,https://m.media-amazon.com/images/I/61USVsQhWOL._AC_UL320_.jpg
"BEST SELF: Self help book for Women to Work on self Worth, Love and Care, and Discover inner Happiness",$10.99,4.7 out of 5 stars,https://www.amazon.com//BEST-SELF-Women-Discover-Happiness/dp/B09CRKQJ8F/ref=sr_1_267?keywords=self+love&qid=1637153415&sr=8-267,https://m.media-amazon.com/images/I/51NnnaOwXIL._AC_UL320_.jpg
"MANIFESTING: The Secret of the Law of Attraction. 21 Days to Learn How to use Your Mind to attract Money, Success, Love & Wealth. The Key to Happiness and the Magic of “Positive Thinking New Edition”",$0.00,,https://www.amazon.com//MANIFESTING-Attraction-Happiness-Positive-Thinking-ebook/dp/B09LR8TN24/ref=sr_1_268?keywords=self+love&qid=1637153415&sr=8-268,https://m.media-amazon.com/images/I/71qGWDgGUDL._AC_UL320_.jpg
Call Me by Your Name: A Novel,$0.00,4.7 out of 5 stars,https://www.amazon.com//Call-Me-by-Your-Name-Armie-Hammer-audiobook/dp/B06ZZZXQ9G/ref=sr_1_269?keywords=self+love&qid=1637153415&sr=8-269,https://m.media-amazon.com/images/I/81bJSkuuXNL._AC_UL320_.jpg
I Love Who I Am: Self-Love For Kids (Self Discovery Series For Kids),$12.95,4.3 out of 5 stars,https://www.amazon.com//Love-Who-Am-Self-Love-Discovery/dp/0983496102/ref=sr_1_270?keywords=self+love&qid=1637153415&sr=8-270,https://m.media-amazon.com/images/I/51OPvE7WsGL._AC_UL320_.jpg
You Are Worth It: Building a Life Worth Fighting For,$0.00,4.9 out of 5 stars,https://www.amazon.com//You-Are-Worth-It-audiobook/dp/B07Q897NPR/ref=sr_1_271?keywords=self+love&qid=1637153415&sr=8-271,https://m.media-amazon.com/images/I/81TZnNnFZdL._AC_UL320_.jpg
Love: A Manual for Humanity,$0.00,5.0 out of 5 stars,https://www.amazon.com//Love-Manual-Humanity-Anastacia-Dadashpour-ebook/dp/B09DKBDDC1/ref=sr_1_272?keywords=self+love&qid=1637153415&sr=8-272,https://m.media-amazon.com/images/I/71gp3v+wbNL._AC_UL320_.jpg
"Beautifully Brave: An Unconventional Guide to Owning Your Worth, Cultivating Self-Love, and Standing in Your Power",$21.99,4.9 out of 5 stars,https://www.amazon.com//Beautifully-Brave-Unconventional-Cultivating-Self-Love/dp/1631067486/ref=sr_1_273?keywords=self+love&qid=1637153415&sr=8-273,https://m.media-amazon.com/images/I/91aCV0p1DSL._AC_UL320_.jpg
Travels With Abraham: Learn to Manifest a Life You Love,$0.00,4.8 out of 5 stars,https://www.amazon.com//Travels-Abraham-Learn-Manifest-Life-ebook/dp/B081V75YNM/ref=sr_1_274?keywords=self+love&qid=1637153415&sr=8-274,https://m.media-amazon.com/images/I/81jAOsEYHoL._AC_UL320_.jpg
"365 Days of Self Love: A Journal Dedicated to Loving Yourself (Journaling to Strengthen the Mind and Soul, for All Ages, Self Help and Love, Building Great Habits)",$7.99,,https://www.amazon.com//365-Days-Self-Love-Journaling/dp/B09J7JLMBP/ref=sr_1_275?keywords=self+love&qid=1637153415&sr=8-275,https://m.media-amazon.com/images/I/6120wdvjQ8L._AC_UL320_.jpg
Self-Love Diet:: The Only Diet That Works,$15.99,4.1 out of 5 stars,https://www.amazon.com//Self-Love-Diet-Only-That-Works/dp/0615743803/ref=sr_1_276?keywords=self+love&qid=1637153415&sr=8-276,https://m.media-amazon.com/images/I/41f8pDrXhaL._AC_UL320_.jpg
"I Keep Trying to Catch His Eye: A Memoir of Loss, Grief, and Love",$24.99,4.7 out of 5 stars,https://www.amazon.com//Keep-Trying-Catch-His-Eye/dp/0306925745/ref=sr_1_277?keywords=self+love&qid=1637153415&sr=8-277,https://m.media-amazon.com/images/I/71BsWkRqnpL._AC_UL320_.jpg
"A Badass Woman Journal: Who Doesn't Play The Game, She Changes The Game: Affirmation and Self Love Journal For Women, Girls, and Teens",$4.99,,https://www.amazon.com//Badass-Woman-Journal-Changes-Affirmation/dp/B09JVGZX3N/ref=sr_1_278?keywords=self+love&qid=1637153415&sr=8-278,https://m.media-amazon.com/images/I/616yx0Wf+FL._AC_UL320_.jpg
Self-Compassion For Dummies,$22.30,4.4 out of 5 stars,https://www.amazon.com//Self-Compassion-Dummies-Steven-Hickman/dp/1119796687/ref=sr_1_279?keywords=self+love&qid=1637153415&sr=8-279,https://m.media-amazon.com/images/I/61O7gBiYH3L._AC_UL320_.jpg
Please Love Me at My Worst,$12.99,4.5 out of 5 stars,https://www.amazon.com//Please-Love-Me-My-Worst/dp/1524868698/ref=sr_1_280?keywords=self+love&qid=1637153415&sr=8-280,https://m.media-amazon.com/images/I/51z8ZcxG+NL._AC_UL320_.jpg
"My Peace of Happy: A Self-Love Journey to Happiness, Purpose and Lifestyle Success",$19.99,5.0 out of 5 stars,https://www.amazon.com//Peace-Happy-Self-Love-Happiness-Lifestyle/dp/163616062X/ref=sr_1_281?keywords=self+love&qid=1637153415&sr=8-281,https://m.media-amazon.com/images/I/61QdS8hetML._AC_UL320_.jpg
Spiritual Self Care for Black Women: Practical and Inspiring Ways to Love Yourself More,$0.00,4.7 out of 5 stars,https://www.amazon.com//Spiritual-Self-Care-Black-Women/dp/B09BZT1ZRD/ref=sr_1_282?keywords=self+love&qid=1637153415&sr=8-282,https://m.media-amazon.com/images/I/71K+h0AXGKL._AC_UL320_.jpg
"Connecting with Loneliness: A Guided Journal: Prompts to Discover Self-Love, Build Connection, and Embrace Joy",$16.18,4.8 out of 5 stars,https://www.amazon.com//Connecting-Loneliness-Discover-Self-Love-Connection/dp/1648768679/ref=sr_1_284?keywords=self+love&qid=1637153415&sr=8-284,https://m.media-amazon.com/images/I/91Eoo8LPvbL._AC_UL320_.jpg
"The Ultimate Mental Health Journal For Black Men: A Guided 50 Day Journey of Prompts, Affirmations, and Other Exercises to Get Your Power Back",$12.99,4.5 out of 5 stars,https://www.amazon.com//Ultimate-Mental-Health-Journal-Black/dp/B09B5FXDB8/ref=sr_1_285?keywords=self+love&qid=1637153415&sr=8-285,https://m.media-amazon.com/images/I/71SjYaTuRvL._AC_UL320_.jpg
"Self Love Affirmations: 100 Healing Proclamations To Reduce Anxiety, Build Confidence & Practice Self Care / Rewire Your Brain with Positive Thoughts ... (Positive Affirmations For Women & Girls)",$7.99,3.8 out of 5 stars,https://www.amazon.com//Self-Love-Affirmations-Proclamations-Confidence/dp/B091WCSTHG/ref=sr_1_286?keywords=self+love&qid=1637153415&sr=8-286,https://m.media-amazon.com/images/I/61E4kWcWUuL._AC_UL320_.jpg
A Journey of Self-Love: 100 Days of Why I Love Me,$14.99,2.0 out of 5 stars,https://www.amazon.com//Journey-Self-Love-100-Days-Love/dp/1092380582/ref=sr_1_287?keywords=self+love&qid=1637153415&sr=8-287,https://m.media-amazon.com/images/I/615l6t+e32L._AC_UL320_.jpg
The UBMR’s Vetting Guide for Women,$9.99,4.9 out of 5 stars,https://www.amazon.com//UBMRs-Vetting-Guide-Women-ebook/dp/B09LBMSYWX/ref=sr_1_288?keywords=self+love&qid=1637153415&sr=8-288,https://m.media-amazon.com/images/I/61lfjTlrteL._AC_UL320_.jpg
Train Your Dragon To Love Himself: A Dragon Book To Give Children Positive Affirmations. A Cute Children Story To Teach Kids To Love Who They Are. (My Dragon Books),$12.95,4.7 out of 5 stars,https://www.amazon.com//Train-Your-Dragon-Love-Himself/dp/1948040360/ref=sr_1_289?keywords=self+love&qid=1637153418&sr=8-289,https://m.media-amazon.com/images/I/71gI-x+7RcL._AC_UL320_.jpg
Love Worth Making: How to Have Ridiculously Great Sex in a Long-Lasting Relationship,$14.99,4.5 out of 5 stars,https://www.amazon.com//Love-Worth-Making-Ridiculously-Long-Lasting/dp/1250113105/ref=sr_1_290?keywords=self+love&qid=1637153418&sr=8-290,https://m.media-amazon.com/images/I/71gLxTPi+4L._AC_UL320_.jpg
A Dose of Self Love,$11.11,4.6 out of 5 stars,https://www.amazon.com//Dose-Self-Love-Cosmic-Byron/dp/1798072874/ref=sr_1_291?keywords=self+love&qid=1637153418&sr=8-291,https://m.media-amazon.com/images/I/51uMb2bQADL._AC_UL320_.jpg
Self-Care Check-In: A Guided Journal to Build Healthy Habits and Devote Time to You,$11.69,4.5 out of 5 stars,https://www.amazon.com//Self-Care-Check-Guided-Journal-Healthy/dp/1646116607/ref=sr_1_292?keywords=self+love&qid=1637153418&sr=8-292,https://m.media-amazon.com/images/I/81DvQKCwtKL._AC_UL320_.jpg
100 Poems to Break Your Heart,$15.01,4.4 out of 5 stars,https://www.amazon.com//100-Poems-Break-Your-Heart/dp/0544931882/ref=sr_1_293?keywords=self+love&qid=1637153418&sr=8-293,https://m.media-amazon.com/images/I/716g-PevPPL._AC_UL320_.jpg
"Anxiety Workbook for Men: Evidence-Based Exercises to Manage Anxiety, Depression, and Worry",$14.99,4.4 out of 5 stars,https://www.amazon.com//Anxiety-Workbook-Men-Evidence-Based-Depression/dp/1648766943/ref=sr_1_294?keywords=self+love&qid=1637153418&sr=8-294,https://m.media-amazon.com/images/I/819LOjFf5xS._AC_UL320_.jpg
"Unstoppable Self Confidence: How to create the indestructible, natural confidence of the 1% who achieve their goals, create success on demand and live life on their terms",$18.97,4.6 out of 5 stars,https://www.amazon.com//Unstoppable-Self-Confidence-indestructible-confidence/dp/1527249298/ref=sr_1_295?keywords=self+love&qid=1637153418&sr=8-295,https://m.media-amazon.com/images/I/61lQOxQlibL._AC_UL320_.jpg
"A Journey to Self Discovery: How to Master Your Inner Power, Change Your Mental Habits and Transform Your Life!",$0.00,4.4 out of 5 stars,https://www.amazon.com//Journey-Self-Discovery-Master-Transform/dp/B08XWQ72XX/ref=sr_1_296?keywords=self+love&qid=1637153418&sr=8-296,https://m.media-amazon.com/images/I/81802oQIIOL._AC_UL320_.jpg
"What Do You Say?: How to Talk with Kids to Build Motivation, Stress Tolerance, and a Happy Home",$20.09,4.9 out of 5 stars,https://www.amazon.com//What-You-Say-Motivation-Tolerance/dp/1984880365/ref=sr_1_297?keywords=self+love&qid=1637153418&sr=8-297,https://m.media-amazon.com/images/I/81oSQfraWBL._AC_UL320_.jpg
The Body Image Book for Girls: Love Yourself and Grow Up Fearless,$13.46,4.7 out of 5 stars,https://www.amazon.com//Body-Image-Book-Girls-Yourself/dp/1108718779/ref=sr_1_298?keywords=self+love&qid=1637153418&sr=8-298,https://m.media-amazon.com/images/I/712aEDsVIVL._AC_UL320_.jpg
A Year of Self-Love Page-A-Day Calendar 2022: Daily Affirmations and Actions for Self-Compassion and Self Worth.,$15.99,4.6 out of 5 stars,https://www.amazon.com//Year-Self-Love-Page-Day-Calendar/dp/1523513349/ref=sr_1_299?keywords=self+love&qid=1637153418&sr=8-299,https://m.media-amazon.com/images/I/7120fbeaqwS._AC_UL320_.jpg
101 Things I Love About Myself,$11.98,4.5 out of 5 stars,https://www.amazon.com//101-Things-Love-About-Myself/dp/B09B2CJG3Z/ref=sr_1_300?keywords=self+love&qid=1637153418&sr=8-300,https://m.media-amazon.com/images/I/61LvOReRu6L._AC_UL320_.jpg
21 Day Self Love Challenge: It's Time To Start Loving Yourself,$9.99,4.1 out of 5 stars,https://www.amazon.com//21-Day-Self-Love-Challenge/dp/1948829428/ref=sr_1_301?keywords=self+love&qid=1637153418&sr=8-301,https://m.media-amazon.com/images/I/71HNR399-6L._AC_UL320_.jpg
You Are Enough: Learning to Love Yourself the Way God Loves You,$14.46,4.7 out of 5 stars,https://www.amazon.com//You-Are-Enough-Learning-Yourself/dp/1775329747/ref=sr_1_303?keywords=self+love&qid=1637153418&sr=8-303,https://m.media-amazon.com/images/I/61CCVcAFIAL._AC_UL320_.jpg
Pride and Prejudice,$9.00,4.6 out of 5 stars,https://www.amazon.com//Pride-Prejudice-Jane-Austen/dp/0141439513/ref=sr_1_305?keywords=self+love&qid=1637153418&sr=8-305,https://m.media-amazon.com/images/I/91VPSFF8GQL._AC_UL320_.jpg
"You Are a Girl Who Totally Rocks: Always Be True to You by Ashley Rice, An Empowering Gift Book About Self-Confidence, Courage, and Believing in Yourself from Blue Mountain Arts",$12.95,4.7 out of 5 stars,https://www.amazon.com//Girl-Totally-Rocks-Always-True/dp/1598429620/ref=sr_1_306?keywords=self+love&qid=1637153418&sr=8-306,https://m.media-amazon.com/images/I/51YSMtNk8KL._AC_UL320_.jpg
